timestamp,sensor_id,sensor_type,value
2025-10-05T00:00:00,temp_1,temperature,20.86
2025-10-05T00:00:00,lux_1,luminosity,2.0
2025-10-05T00:00:00,occ_1,occupancy,0.0
2025-10-05T00:15:00,temp_1,temperature,20.61
2025-10-05T00:15:00,lux_1,luminosity,4.0
2025-10-05T00:15:00,occ_1,occupancy,0.0
2025-10-05T00:30:00,temp_1,temperature,19.22
2025-10-05T00:30:00,lux_1,luminosity,8.0
2025-10-05T00:30:00,occ_1,occupancy,0.0
2025-10-05T00:45:00,temp_1,temperature,20.98
2025-10-05T00:45:00,lux_1,luminosity,1.0
2025-10-05T00:45:00,occ_1,occupancy,0.0
2025-10-05T01:00:00,temp_1,temperature,20.18
2025-10-05T01:00:00,lux_1,luminosity,5.0
2025-10-05T01:00:00,occ_1,occupancy,0.0
2025-10-05T01:15:00,temp_1,temperature,20.41
2025-10-05T01:15:00,lux_1,luminosity,5.0
2025-10-05T01:15:00,occ_1,occupancy,0.0
2025-10-05T01:30:00,temp_1,temperature,21.16
2025-10-05T01:30:00,lux_1,luminosity,5.0
2025-10-05T01:30:00,occ_1,occupancy,0.0
2025-10-05T01:45:00,temp_1,temperature,20.39
2025-10-05T01:45:00,lux_1,luminosity,6.0
2025-10-05T01:45:00,occ_1,occupancy,0.0
2025-10-05T02:00:00,temp_1,temperature,20.35
2025-10-05T02:00:00,lux_1,luminosity,6.0
2025-10-05T02:00:00,occ_1,occupancy,0.0
2025-10-05T02:15:00,temp_1,temperature,20.63
2025-10-05T02:15:00,lux_1,luminosity,0.0
2025-10-05T02:15:00,occ_1,occupancy,0.0
2025-10-05T02:30:00,temp_1,temperature,20.08
2025-10-05T02:30:00,lux_1,luminosity,4.0
2025-10-05T02:30:00,occ_1,occupancy,0.0
2025-10-05T02:45:00,temp_1,temperature,20.63
2025-10-05T02:45:00,lux_1,luminosity,0.0
2025-10-05T02:45:00,occ_1,occupancy,0.0
2025-10-05T03:00:00,temp_1,temperature,21.17
2025-10-05T03:00:00,lux_1,luminosity,7.0
2025-10-05T03:00:00,occ_1,occupancy,1.0
2025-10-05T03:15:00,temp_1,temperature,20.6
2025-10-05T03:15:00,lux_1,luminosity,7.0
2025-10-05T03:15:00,occ_1,occupancy,0.0
2025-10-05T03:30:00,temp_1,temperature,19.53
2025-10-05T03:30:00,lux_1,luminosity,1.0
2025-10-05T03:30:00,occ_1,occupancy,0.0
2025-10-05T03:45:00,temp_1,temperature,19.46
2025-10-05T03:45:00,lux_1,luminosity,4.0
2025-10-05T03:45:00,occ_1,occupancy,0.0
2025-10-05T04:00:00,temp_1,temperature,19.25
2025-10-05T04:00:00,lux_1,luminosity,6.0
2025-10-05T04:00:00,occ_1,occupancy,0.0
2025-10-05T04:15:00,temp_1,temperature,19.71
2025-10-05T04:15:00,lux_1,luminosity,4.0
2025-10-05T04:15:00,occ_1,occupancy,0.0
2025-10-05T04:30:00,temp_1,temperature,19.3
2025-10-05T04:30:00,lux_1,luminosity,2.0
2025-10-05T04:30:00,occ_1,occupancy,1.0
2025-10-05T04:45:00,temp_1,temperature,20.61
2025-10-05T04:45:00,lux_1,luminosity,5.0
2025-10-05T04:45:00,occ_1,occupancy,0.0
2025-10-05T05:00:00,temp_1,temperature,18.79
2025-10-05T05:00:00,lux_1,luminosity,6.0
2025-10-05T05:00:00,occ_1,occupancy,0.0
2025-10-05T05:15:00,temp_1,temperature,19.82
2025-10-05T05:15:00,lux_1,luminosity,7.0
2025-10-05T05:15:00,occ_1,occupancy,0.0
2025-10-05T05:30:00,temp_1,temperature,19.07
2025-10-05T05:30:00,lux_1,luminosity,6.0
2025-10-05T05:30:00,occ_1,occupancy,0.0
2025-10-05T05:45:00,temp_1,temperature,19.39
2025-10-05T05:45:00,lux_1,luminosity,1.0
2025-10-05T05:45:00,occ_1,occupancy,0.0
2025-10-05T06:00:00,temp_1,temperature,19.04
2025-10-05T06:00:00,lux_1,luminosity,257.0
2025-10-05T06:00:00,occ_1,occupancy,0.0
2025-10-05T06:15:00,temp_1,temperature,18.82
2025-10-05T06:15:00,lux_1,luminosity,175.0
2025-10-05T06:15:00,occ_1,occupancy,0.0
2025-10-05T06:30:00,temp_1,temperature,19.84
2025-10-05T06:30:00,lux_1,luminosity,169.0
2025-10-05T06:30:00,occ_1,occupancy,0.0
2025-10-05T06:45:00,temp_1,temperature,19.7
2025-10-05T06:45:00,lux_1,luminosity,169.0
2025-10-05T06:45:00,occ_1,occupancy,0.0
2025-10-05T07:00:00,temp_1,temperature,23.71
2025-10-05T07:00:00,lux_1,luminosity,178.0
2025-10-05T07:00:00,occ_1,occupancy,0.0
2025-10-05T07:15:00,temp_1,temperature,23.02
2025-10-05T07:15:00,lux_1,luminosity,202.0
2025-10-05T07:15:00,occ_1,occupancy,0.0
2025-10-05T07:30:00,temp_1,temperature,22.98
2025-10-05T07:30:00,lux_1,luminosity,151.0
2025-10-05T07:30:00,occ_1,occupancy,0.0
2025-10-05T07:45:00,temp_1,temperature,23.34
2025-10-05T07:45:00,lux_1,luminosity,137.0
2025-10-05T07:45:00,occ_1,occupancy,0.0
2025-10-05T08:00:00,temp_1,temperature,23.61
2025-10-05T08:00:00,lux_1,luminosity,352.0
2025-10-05T08:00:00,occ_1,occupancy,0.0
2025-10-05T08:15:00,temp_1,temperature,23.91
2025-10-05T08:15:00,lux_1,luminosity,353.0
2025-10-05T08:15:00,occ_1,occupancy,0.0
2025-10-05T08:30:00,temp_1,temperature,22.96
2025-10-05T08:30:00,lux_1,luminosity,271.0
2025-10-05T08:30:00,occ_1,occupancy,0.0
2025-10-05T08:45:00,temp_1,temperature,23.13
2025-10-05T08:45:00,lux_1,luminosity,510.0
2025-10-05T08:45:00,occ_1,occupancy,0.0
2025-10-05T09:00:00,temp_1,temperature,23.97
2025-10-05T09:00:00,lux_1,luminosity,469.0
2025-10-05T09:00:00,occ_1,occupancy,0.0
2025-10-05T09:15:00,temp_1,temperature,25.61
2025-10-05T09:15:00,lux_1,luminosity,589.0
2025-10-05T09:15:00,occ_1,occupancy,0.0
2025-10-05T09:30:00,temp_1,temperature,23.84
2025-10-05T09:30:00,lux_1,luminosity,532.0
2025-10-05T09:30:00,occ_1,occupancy,0.0
2025-10-05T09:45:00,temp_1,temperature,23.8
2025-10-05T09:45:00,lux_1,luminosity,593.0
2025-10-05T09:45:00,occ_1,occupancy,0.0
2025-10-05T10:00:00,temp_1,temperature,24.35
2025-10-05T10:00:00,lux_1,luminosity,711.0
2025-10-05T10:00:00,occ_1,occupancy,0.0
2025-10-05T10:15:00,temp_1,temperature,25.49
2025-10-05T10:15:00,lux_1,luminosity,730.0
2025-10-05T10:15:00,occ_1,occupancy,0.0
2025-10-05T10:30:00,temp_1,temperature,25.05
2025-10-05T10:30:00,lux_1,luminosity,694.0
2025-10-05T10:30:00,occ_1,occupancy,0.0
2025-10-05T10:45:00,temp_1,temperature,23.55
2025-10-05T10:45:00,lux_1,luminosity,800.0
2025-10-05T10:45:00,occ_1,occupancy,0.0
2025-10-05T11:00:00,temp_1,temperature,24.41
2025-10-05T11:00:00,lux_1,luminosity,789.0
2025-10-05T11:00:00,occ_1,occupancy,0.0
2025-10-05T11:15:00,temp_1,temperature,24.5
2025-10-05T11:15:00,lux_1,luminosity,792.0
2025-10-05T11:15:00,occ_1,occupancy,0.0
2025-10-05T11:30:00,temp_1,temperature,24.86
2025-10-05T11:30:00,lux_1,luminosity,712.0
2025-10-05T11:30:00,occ_1,occupancy,0.0
2025-10-05T11:45:00,temp_1,temperature,24.73
2025-10-05T11:45:00,lux_1,luminosity,803.0
2025-10-05T11:45:00,occ_1,occupancy,0.0
2025-10-05T12:00:00,temp_1,temperature,24.74
2025-10-05T12:00:00,lux_1,luminosity,647.0
2025-10-05T12:00:00,occ_1,occupancy,0.0
2025-10-05T12:15:00,temp_1,temperature,24.69
2025-10-05T12:15:00,lux_1,luminosity,766.0
2025-10-05T12:15:00,occ_1,occupancy,0.0
2025-10-05T12:30:00,temp_1,temperature,24.69
2025-10-05T12:30:00,lux_1,luminosity,764.0
2025-10-05T12:30:00,occ_1,occupancy,0.0
2025-10-05T12:45:00,temp_1,temperature,25.08
2025-10-05T12:45:00,lux_1,luminosity,982.0
2025-10-05T12:45:00,occ_1,occupancy,0.0
2025-10-05T13:00:00,temp_1,temperature,24.29
2025-10-05T13:00:00,lux_1,luminosity,779.0
2025-10-05T13:00:00,occ_1,occupancy,0.0
2025-10-05T13:15:00,temp_1,temperature,23.95
2025-10-05T13:15:00,lux_1,luminosity,972.0
2025-10-05T13:15:00,occ_1,occupancy,0.0
2025-10-05T13:30:00,temp_1,temperature,25.45
2025-10-05T13:30:00,lux_1,luminosity,855.0
2025-10-05T13:30:00,occ_1,occupancy,0.0
2025-10-05T13:45:00,temp_1,temperature,24.0
2025-10-05T13:45:00,lux_1,luminosity,823.0
2025-10-05T13:45:00,occ_1,occupancy,0.0
2025-10-05T14:00:00,temp_1,temperature,26.07
2025-10-05T14:00:00,lux_1,luminosity,613.0
2025-10-05T14:00:00,occ_1,occupancy,0.0
2025-10-05T14:15:00,temp_1,temperature,27.13
2025-10-05T14:15:00,lux_1,luminosity,690.0
2025-10-05T14:15:00,occ_1,occupancy,0.0
2025-10-05T14:30:00,temp_1,temperature,26.14
2025-10-05T14:30:00,lux_1,luminosity,679.0
2025-10-05T14:30:00,occ_1,occupancy,0.0
2025-10-05T14:45:00,temp_1,temperature,24.3
2025-10-05T14:45:00,lux_1,luminosity,733.0
2025-10-05T14:45:00,occ_1,occupancy,0.0
2025-10-05T15:00:00,temp_1,temperature,24.14
2025-10-05T15:00:00,lux_1,luminosity,716.0
2025-10-05T15:00:00,occ_1,occupancy,0.0
2025-10-05T15:15:00,temp_1,temperature,24.5
2025-10-05T15:15:00,lux_1,luminosity,571.0
2025-10-05T15:15:00,occ_1,occupancy,0.0
2025-10-05T15:30:00,temp_1,temperature,26.07
2025-10-05T15:30:00,lux_1,luminosity,705.0
2025-10-05T15:30:00,occ_1,occupancy,0.0
2025-10-05T15:45:00,temp_1,temperature,24.43
2025-10-05T15:45:00,lux_1,luminosity,638.0
2025-10-05T15:45:00,occ_1,occupancy,0.0
2025-10-05T16:00:00,temp_1,temperature,23.78
2025-10-05T16:00:00,lux_1,luminosity,458.0
2025-10-05T16:00:00,occ_1,occupancy,0.0
2025-10-05T16:15:00,temp_1,temperature,24.97
2025-10-05T16:15:00,lux_1,luminosity,538.0
2025-10-05T16:15:00,occ_1,occupancy,0.0
2025-10-05T16:30:00,temp_1,temperature,24.85
2025-10-05T16:30:00,lux_1,luminosity,525.0
2025-10-05T16:30:00,occ_1,occupancy,0.0
2025-10-05T16:45:00,temp_1,temperature,24.69
2025-10-05T16:45:00,lux_1,luminosity,565.0
2025-10-05T16:45:00,occ_1,occupancy,0.0
2025-10-05T17:00:00,temp_1,temperature,23.35
2025-10-05T17:00:00,lux_1,luminosity,278.0
2025-10-05T17:00:00,occ_1,occupancy,0.0
2025-10-05T17:15:00,temp_1,temperature,23.63
2025-10-05T17:15:00,lux_1,luminosity,387.0
2025-10-05T17:15:00,occ_1,occupancy,0.0
2025-10-05T17:30:00,temp_1,temperature,24.61
2025-10-05T17:30:00,lux_1,luminosity,423.0
2025-10-05T17:30:00,occ_1,occupancy,0.0
2025-10-05T17:45:00,temp_1,temperature,23.43
2025-10-05T17:45:00,lux_1,luminosity,388.0
2025-10-05T17:45:00,occ_1,occupancy,0.0
2025-10-05T18:00:00,temp_1,temperature,23.16
2025-10-05T18:00:00,lux_1,luminosity,380.0
2025-10-05T18:00:00,occ_1,occupancy,0.0
2025-10-05T18:15:00,temp_1,temperature,23.67
2025-10-05T18:15:00,lux_1,luminosity,214.0
2025-10-05T18:15:00,occ_1,occupancy,0.0
2025-10-05T18:30:00,temp_1,temperature,24.4
2025-10-05T18:30:00,lux_1,luminosity,263.0
2025-10-05T18:30:00,occ_1,occupancy,0.0
2025-10-05T18:45:00,temp_1,temperature,23.52
2025-10-05T18:45:00,lux_1,luminosity,153.0
2025-10-05T18:45:00,occ_1,occupancy,0.0
2025-10-05T19:00:00,temp_1,temperature,19.43
2025-10-05T19:00:00,lux_1,luminosity,6.0
2025-10-05T19:00:00,occ_1,occupancy,0.0
2025-10-05T19:15:00,temp_1,temperature,19.98
2025-10-05T19:15:00,lux_1,luminosity,3.0
2025-10-05T19:15:00,occ_1,occupancy,0.0
2025-10-05T19:30:00,temp_1,temperature,18.52
2025-10-05T19:30:00,lux_1,luminosity,5.0
2025-10-05T19:30:00,occ_1,occupancy,0.0
2025-10-05T19:45:00,temp_1,temperature,20.79
2025-10-05T19:45:00,lux_1,luminosity,2.0
2025-10-05T19:45:00,occ_1,occupancy,0.0
2025-10-05T20:00:00,temp_1,temperature,19.98
2025-10-05T20:00:00,lux_1,luminosity,2.0
2025-10-05T20:00:00,occ_1,occupancy,0.0
2025-10-05T20:15:00,temp_1,temperature,20.69
2025-10-05T20:15:00,lux_1,luminosity,5.0
2025-10-05T20:15:00,occ_1,occupancy,0.0
2025-10-05T20:30:00,temp_1,temperature,20.26
2025-10-05T20:30:00,lux_1,luminosity,4.0
2025-10-05T20:30:00,occ_1,occupancy,0.0
2025-10-05T20:45:00,temp_1,temperature,19.82
2025-10-05T20:45:00,lux_1,luminosity,6.0
2025-10-05T20:45:00,occ_1,occupancy,0.0
2025-10-05T21:00:00,temp_1,temperature,19.61
2025-10-05T21:00:00,lux_1,luminosity,4.0
2025-10-05T21:00:00,occ_1,occupancy,0.0
2025-10-05T21:15:00,temp_1,temperature,19.41
2025-10-05T21:15:00,lux_1,luminosity,8.0
2025-10-05T21:15:00,occ_1,occupancy,0.0
2025-10-05T21:30:00,temp_1,temperature,19.47
2025-10-05T21:30:00,lux_1,luminosity,5.0
2025-10-05T21:30:00,occ_1,occupancy,0.0
2025-10-05T21:45:00,temp_1,temperature,20.85
2025-10-05T21:45:00,lux_1,luminosity,2.0
2025-10-05T21:45:00,occ_1,occupancy,0.0
2025-10-05T22:00:00,temp_1,temperature,19.46
2025-10-05T22:00:00,lux_1,luminosity,6.0
2025-10-05T22:00:00,occ_1,occupancy,0.0
2025-10-05T22:15:00,temp_1,temperature,20.93
2025-10-05T22:15:00,lux_1,luminosity,3.0
2025-10-05T22:15:00,occ_1,occupancy,0.0
2025-10-05T22:30:00,temp_1,temperature,19.27
2025-10-05T22:30:00,lux_1,luminosity,5.0
2025-10-05T22:30:00,occ_1,occupancy,1.0
2025-10-05T22:45:00,temp_1,temperature,19.73
2025-10-05T22:45:00,lux_1,luminosity,6.0
2025-10-05T22:45:00,occ_1,occupancy,0.0
2025-10-05T23:00:00,temp_1,temperature,20.93
2025-10-05T23:00:00,lux_1,luminosity,4.0
2025-10-05T23:00:00,occ_1,occupancy,1.0
2025-10-05T23:15:00,temp_1,temperature,19.84
2025-10-05T23:15:00,lux_1,luminosity,2.0
2025-10-05T23:15:00,occ_1,occupancy,0.0
2025-10-05T23:30:00,temp_1,temperature,21.07
2025-10-05T23:30:00,lux_1,luminosity,3.0
2025-10-05T23:30:00,occ_1,occupancy,0.0
2025-10-05T23:45:00,temp_1,temperature,20.4
2025-10-05T23:45:00,lux_1,luminosity,4.0
2025-10-05T23:45:00,occ_1,occupancy,0.0
2025-10-06T00:00:00,temp_1,temperature,20.15
2025-10-06T00:00:00,lux_1,luminosity,5.0
2025-10-06T00:00:00,occ_1,occupancy,0.0
2025-10-06T00:15:00,temp_1,temperature,20.77
2025-10-06T00:15:00,lux_1,luminosity,5.0
2025-10-06T00:15:00,occ_1,occupancy,0.0
2025-10-06T00:30:00,temp_1,temperature,21.12
2025-10-06T00:30:00,lux_1,luminosity,3.0
2025-10-06T00:30:00,occ_1,occupancy,0.0
2025-10-06T00:45:00,temp_1,temperature,19.87
2025-10-06T00:45:00,lux_1,luminosity,7.0
2025-10-06T00:45:00,occ_1,occupancy,0.0
2025-10-06T01:00:00,temp_1,temperature,20.26
2025-10-06T01:00:00,lux_1,luminosity,7.0
2025-10-06T01:00:00,occ_1,occupancy,0.0
2025-10-06T01:15:00,temp_1,temperature,20.44
2025-10-06T01:15:00,lux_1,luminosity,5.0
2025-10-06T01:15:00,occ_1,occupancy,0.0
2025-10-06T01:30:00,temp_1,temperature,19.9
2025-10-06T01:30:00,lux_1,luminosity,2.0
2025-10-06T01:30:00,occ_1,occupancy,0.0
2025-10-06T01:45:00,temp_1,temperature,21.18
2025-10-06T01:45:00,lux_1,luminosity,4.0
2025-10-06T01:45:00,occ_1,occupancy,0.0
2025-10-06T02:00:00,temp_1,temperature,20.21
2025-10-06T02:00:00,lux_1,luminosity,5.0
2025-10-06T02:00:00,occ_1,occupancy,0.0
2025-10-06T02:15:00,temp_1,temperature,21.5
2025-10-06T02:15:00,lux_1,luminosity,10.0
2025-10-06T02:15:00,occ_1,occupancy,0.0
2025-10-06T02:30:00,temp_1,temperature,21.07
2025-10-06T02:30:00,lux_1,luminosity,5.0
2025-10-06T02:30:00,occ_1,occupancy,0.0
2025-10-06T02:45:00,temp_1,temperature,20.94
2025-10-06T02:45:00,lux_1,luminosity,4.0
2025-10-06T02:45:00,occ_1,occupancy,0.0
2025-10-06T03:00:00,temp_1,temperature,21.09
2025-10-06T03:00:00,lux_1,luminosity,5.0
2025-10-06T03:00:00,occ_1,occupancy,1.0
2025-10-06T03:15:00,temp_1,temperature,19.77
2025-10-06T03:15:00,lux_1,luminosity,9.0
2025-10-06T03:15:00,occ_1,occupancy,0.0
2025-10-06T03:30:00,temp_1,temperature,19.54
2025-10-06T03:30:00,lux_1,luminosity,4.0
2025-10-06T03:30:00,occ_1,occupancy,0.0
2025-10-06T03:45:00,temp_1,temperature,20.38
2025-10-06T03:45:00,lux_1,luminosity,3.0
2025-10-06T03:45:00,occ_1,occupancy,0.0
2025-10-06T04:00:00,temp_1,temperature,19.43
2025-10-06T04:00:00,lux_1,luminosity,3.0
2025-10-06T04:00:00,occ_1,occupancy,1.0
2025-10-06T04:15:00,temp_1,temperature,19.81
2025-10-06T04:15:00,lux_1,luminosity,7.0
2025-10-06T04:15:00,occ_1,occupancy,0.0
2025-10-06T04:30:00,temp_1,temperature,20.82
2025-10-06T04:30:00,lux_1,luminosity,3.0
2025-10-06T04:30:00,occ_1,occupancy,0.0
2025-10-06T04:45:00,temp_1,temperature,19.35
2025-10-06T04:45:00,lux_1,luminosity,4.0
2025-10-06T04:45:00,occ_1,occupancy,0.0
2025-10-06T05:00:00,temp_1,temperature,18.62
2025-10-06T05:00:00,lux_1,luminosity,1.0
2025-10-06T05:00:00,occ_1,occupancy,0.0
2025-10-06T05:15:00,temp_1,temperature,19.18
2025-10-06T05:15:00,lux_1,luminosity,7.0
2025-10-06T05:15:00,occ_1,occupancy,0.0
2025-10-06T05:30:00,temp_1,temperature,19.69
2025-10-06T05:30:00,lux_1,luminosity,2.0
2025-10-06T05:30:00,occ_1,occupancy,0.0
2025-10-06T05:45:00,temp_1,temperature,19.05
2025-10-06T05:45:00,lux_1,luminosity,3.0
2025-10-06T05:45:00,occ_1,occupancy,0.0
2025-10-06T06:00:00,temp_1,temperature,18.36
2025-10-06T06:00:00,lux_1,luminosity,221.0
2025-10-06T06:00:00,occ_1,occupancy,0.0
2025-10-06T06:15:00,temp_1,temperature,18.4
2025-10-06T06:15:00,lux_1,luminosity,135.0
2025-10-06T06:15:00,occ_1,occupancy,0.0
2025-10-06T06:30:00,temp_1,temperature,18.71
2025-10-06T06:30:00,lux_1,luminosity,274.0
2025-10-06T06:30:00,occ_1,occupancy,0.0
2025-10-06T06:45:00,temp_1,temperature,19.22
2025-10-06T06:45:00,lux_1,luminosity,207.0
2025-10-06T06:45:00,occ_1,occupancy,0.0
2025-10-06T07:00:00,temp_1,temperature,22.18
2025-10-06T07:00:00,lux_1,luminosity,141.0
2025-10-06T07:00:00,occ_1,occupancy,0.0
2025-10-06T07:15:00,temp_1,temperature,23.21
2025-10-06T07:15:00,lux_1,luminosity,355.0
2025-10-06T07:15:00,occ_1,occupancy,0.0
2025-10-06T07:30:00,temp_1,temperature,22.61
2025-10-06T07:30:00,lux_1,luminosity,228.0
2025-10-06T07:30:00,occ_1,occupancy,0.0
2025-10-06T07:45:00,temp_1,temperature,23.59
2025-10-06T07:45:00,lux_1,luminosity,254.0
2025-10-06T07:45:00,occ_1,occupancy,0.0
2025-10-06T08:00:00,temp_1,temperature,23.19
2025-10-06T08:00:00,lux_1,luminosity,282.0
2025-10-06T08:00:00,occ_1,occupancy,0.0
2025-10-06T08:15:00,temp_1,temperature,23.03
2025-10-06T08:15:00,lux_1,luminosity,374.0
2025-10-06T08:15:00,occ_1,occupancy,1.0
2025-10-06T08:30:00,temp_1,temperature,23.79
2025-10-06T08:30:00,lux_1,luminosity,320.0
2025-10-06T08:30:00,occ_1,occupancy,1.0
2025-10-06T08:45:00,temp_1,temperature,24.51
2025-10-06T08:45:00,lux_1,luminosity,287.0
2025-10-06T08:45:00,occ_1,occupancy,1.0
2025-10-06T09:00:00,temp_1,temperature,24.4
2025-10-06T09:00:00,lux_1,luminosity,528.0
2025-10-06T09:00:00,occ_1,occupancy,0.0
2025-10-06T09:15:00,temp_1,temperature,23.7
2025-10-06T09:15:00,lux_1,luminosity,529.0
2025-10-06T09:15:00,occ_1,occupancy,1.0
2025-10-06T09:30:00,temp_1,temperature,24.92
2025-10-06T09:30:00,lux_1,luminosity,508.0
2025-10-06T09:30:00,occ_1,occupancy,0.0
2025-10-06T09:45:00,temp_1,temperature,25.26
2025-10-06T09:45:00,lux_1,luminosity,628.0
2025-10-06T09:45:00,occ_1,occupancy,1.0
2025-10-06T10:00:00,temp_1,temperature,24.96
2025-10-06T10:00:00,lux_1,luminosity,593.0
2025-10-06T10:00:00,occ_1,occupancy,1.0
2025-10-06T10:15:00,temp_1,temperature,24.29
2025-10-06T10:15:00,lux_1,luminosity,472.0
2025-10-06T10:15:00,occ_1,occupancy,1.0
2025-10-06T10:30:00,temp_1,temperature,25.32
2025-10-06T10:30:00,lux_1,luminosity,671.0
2025-10-06T10:30:00,occ_1,occupancy,0.0
2025-10-06T10:45:00,temp_1,temperature,25.05
2025-10-06T10:45:00,lux_1,luminosity,629.0
2025-10-06T10:45:00,occ_1,occupancy,1.0
2025-10-06T11:00:00,temp_1,temperature,25.29
2025-10-06T11:00:00,lux_1,luminosity,736.0
2025-10-06T11:00:00,occ_1,occupancy,0.0
2025-10-06T11:15:00,temp_1,temperature,25.99
2025-10-06T11:15:00,lux_1,luminosity,774.0
2025-10-06T11:15:00,occ_1,occupancy,1.0
2025-10-06T11:30:00,temp_1,temperature,25.0
2025-10-06T11:30:00,lux_1,luminosity,834.0
2025-10-06T11:30:00,occ_1,occupancy,0.0
2025-10-06T11:45:00,temp_1,temperature,23.75
2025-10-06T11:45:00,lux_1,luminosity,798.0
2025-10-06T11:45:00,occ_1,occupancy,1.0
2025-10-06T12:00:00,temp_1,temperature,24.75
2025-10-06T12:00:00,lux_1,luminosity,784.0
2025-10-06T12:00:00,occ_1,occupancy,1.0
2025-10-06T12:15:00,temp_1,temperature,24.89
2025-10-06T12:15:00,lux_1,luminosity,932.0
2025-10-06T12:15:00,occ_1,occupancy,0.0
2025-10-06T12:30:00,temp_1,temperature,24.99
2025-10-06T12:30:00,lux_1,luminosity,788.0
2025-10-06T12:30:00,occ_1,occupancy,0.0
2025-10-06T12:45:00,temp_1,temperature,25.39
2025-10-06T12:45:00,lux_1,luminosity,940.0
2025-10-06T12:45:00,occ_1,occupancy,1.0
2025-10-06T13:00:00,temp_1,temperature,24.88
2025-10-06T13:00:00,lux_1,luminosity,515.0
2025-10-06T13:00:00,occ_1,occupancy,0.0
2025-10-06T13:15:00,temp_1,temperature,25.1
2025-10-06T13:15:00,lux_1,luminosity,814.0
2025-10-06T13:15:00,occ_1,occupancy,1.0
2025-10-06T13:30:00,temp_1,temperature,25.37
2025-10-06T13:30:00,lux_1,luminosity,628.0
2025-10-06T13:30:00,occ_1,occupancy,1.0
2025-10-06T13:45:00,temp_1,temperature,25.22
2025-10-06T13:45:00,lux_1,luminosity,767.0
2025-10-06T13:45:00,occ_1,occupancy,1.0
2025-10-06T14:00:00,temp_1,temperature,25.01
2025-10-06T14:00:00,lux_1,luminosity,681.0
2025-10-06T14:00:00,occ_1,occupancy,1.0
2025-10-06T14:15:00,temp_1,temperature,25.46
2025-10-06T14:15:00,lux_1,luminosity,794.0
2025-10-06T14:15:00,occ_1,occupancy,1.0
2025-10-06T14:30:00,temp_1,temperature,25.59
2025-10-06T14:30:00,lux_1,luminosity,699.0
2025-10-06T14:30:00,occ_1,occupancy,0.0
2025-10-06T14:45:00,temp_1,temperature,24.81
2025-10-06T14:45:00,lux_1,luminosity,735.0
2025-10-06T14:45:00,occ_1,occupancy,1.0
2025-10-06T15:00:00,temp_1,temperature,24.48
2025-10-06T15:00:00,lux_1,luminosity,669.0
2025-10-06T15:00:00,occ_1,occupancy,0.0
2025-10-06T15:15:00,temp_1,temperature,25.17
2025-10-06T15:15:00,lux_1,luminosity,697.0
2025-10-06T15:15:00,occ_1,occupancy,1.0
2025-10-06T15:30:00,temp_1,temperature,24.87
2025-10-06T15:30:00,lux_1,luminosity,792.0
2025-10-06T15:30:00,occ_1,occupancy,1.0
2025-10-06T15:45:00,temp_1,temperature,25.3
2025-10-06T15:45:00,lux_1,luminosity,582.0
2025-10-06T15:45:00,occ_1,occupancy,0.0
2025-10-06T16:00:00,temp_1,temperature,24.43
2025-10-06T16:00:00,lux_1,luminosity,501.0
2025-10-06T16:00:00,occ_1,occupancy,0.0
2025-10-06T16:15:00,temp_1,temperature,24.06
2025-10-06T16:15:00,lux_1,luminosity,499.0
2025-10-06T16:15:00,occ_1,occupancy,1.0
2025-10-06T16:30:00,temp_1,temperature,24.07
2025-10-06T16:30:00,lux_1,luminosity,417.0
2025-10-06T16:30:00,occ_1,occupancy,1.0
2025-10-06T16:45:00,temp_1,temperature,24.21
2025-10-06T16:45:00,lux_1,luminosity,438.0
2025-10-06T16:45:00,occ_1,occupancy,0.0
2025-10-06T17:00:00,temp_1,temperature,24.05
2025-10-06T17:00:00,lux_1,luminosity,363.0
2025-10-06T17:00:00,occ_1,occupancy,1.0
2025-10-06T17:15:00,temp_1,temperature,24.56
2025-10-06T17:15:00,lux_1,luminosity,453.0
2025-10-06T17:15:00,occ_1,occupancy,0.0
2025-10-06T17:30:00,temp_1,temperature,23.61
2025-10-06T17:30:00,lux_1,luminosity,286.0
2025-10-06T17:30:00,occ_1,occupancy,0.0
2025-10-06T17:45:00,temp_1,temperature,23.75
2025-10-06T17:45:00,lux_1,luminosity,380.0
2025-10-06T17:45:00,occ_1,occupancy,1.0
2025-10-06T18:00:00,temp_1,temperature,22.68
2025-10-06T18:00:00,lux_1,luminosity,129.0
2025-10-06T18:00:00,occ_1,occupancy,0.0
2025-10-06T18:15:00,temp_1,temperature,23.32
2025-10-06T18:15:00,lux_1,luminosity,277.0
2025-10-06T18:15:00,occ_1,occupancy,0.0
2025-10-06T18:30:00,temp_1,temperature,23.94
2025-10-06T18:30:00,lux_1,luminosity,161.0
2025-10-06T18:30:00,occ_1,occupancy,1.0
2025-10-06T18:45:00,temp_1,temperature,22.87
2025-10-06T18:45:00,lux_1,luminosity,153.0
2025-10-06T18:45:00,occ_1,occupancy,0.0
2025-10-06T19:00:00,temp_1,temperature,19.89
2025-10-06T19:00:00,lux_1,luminosity,6.0
2025-10-06T19:00:00,occ_1,occupancy,0.0
2025-10-06T19:15:00,temp_1,temperature,20.33
2025-10-06T19:15:00,lux_1,luminosity,5.0
2025-10-06T19:15:00,occ_1,occupancy,0.0
2025-10-06T19:30:00,temp_1,temperature,19.24
2025-10-06T19:30:00,lux_1,luminosity,6.0
2025-10-06T19:30:00,occ_1,occupancy,0.0
2025-10-06T19:45:00,temp_1,temperature,19.4
2025-10-06T19:45:00,lux_1,luminosity,2.0
2025-10-06T19:45:00,occ_1,occupancy,0.0
2025-10-06T20:00:00,temp_1,temperature,19.88
2025-10-06T20:00:00,lux_1,luminosity,3.0
2025-10-06T20:00:00,occ_1,occupancy,0.0
2025-10-06T20:15:00,temp_1,temperature,20.29
2025-10-06T20:15:00,lux_1,luminosity,5.0
2025-10-06T20:15:00,occ_1,occupancy,0.0
2025-10-06T20:30:00,temp_1,temperature,19.26
2025-10-06T20:30:00,lux_1,luminosity,1.0
2025-10-06T20:30:00,occ_1,occupancy,0.0
2025-10-06T20:45:00,temp_1,temperature,20.42
2025-10-06T20:45:00,lux_1,luminosity,1.0
2025-10-06T20:45:00,occ_1,occupancy,0.0
2025-10-06T21:00:00,temp_1,temperature,20.64
2025-10-06T21:00:00,lux_1,luminosity,5.0
2025-10-06T21:00:00,occ_1,occupancy,0.0
2025-10-06T21:15:00,temp_1,temperature,19.54
2025-10-06T21:15:00,lux_1,luminosity,7.0
2025-10-06T21:15:00,occ_1,occupancy,0.0
2025-10-06T21:30:00,temp_1,temperature,20.1
2025-10-06T21:30:00,lux_1,luminosity,7.0
2025-10-06T21:30:00,occ_1,occupancy,1.0
2025-10-06T21:45:00,temp_1,temperature,19.62
2025-10-06T21:45:00,lux_1,luminosity,6.0
2025-10-06T21:45:00,occ_1,occupancy,0.0
2025-10-06T22:00:00,temp_1,temperature,20.98
2025-10-06T22:00:00,lux_1,luminosity,5.0
2025-10-06T22:00:00,occ_1,occupancy,0.0
2025-10-06T22:15:00,temp_1,temperature,19.75
2025-10-06T22:15:00,lux_1,luminosity,3.0
2025-10-06T22:15:00,occ_1,occupancy,0.0
2025-10-06T22:30:00,temp_1,temperature,20.8
2025-10-06T22:30:00,lux_1,luminosity,5.0
2025-10-06T22:30:00,occ_1,occupancy,0.0
2025-10-06T22:45:00,temp_1,temperature,20.65
2025-10-06T22:45:00,lux_1,luminosity,6.0
2025-10-06T22:45:00,occ_1,occupancy,0.0
2025-10-06T23:00:00,temp_1,temperature,21.1
2025-10-06T23:00:00,lux_1,luminosity,3.0
2025-10-06T23:00:00,occ_1,occupancy,0.0
2025-10-06T23:15:00,temp_1,temperature,20.06
2025-10-06T23:15:00,lux_1,luminosity,5.0
2025-10-06T23:15:00,occ_1,occupancy,0.0
2025-10-06T23:30:00,temp_1,temperature,21.97
2025-10-06T23:30:00,lux_1,luminosity,3.0
2025-10-06T23:30:00,occ_1,occupancy,0.0
2025-10-06T23:45:00,temp_1,temperature,20.65
2025-10-06T23:45:00,lux_1,luminosity,6.0
2025-10-06T23:45:00,occ_1,occupancy,0.0
2025-10-07T00:00:00,temp_1,temperature,20.65
2025-10-07T00:00:00,lux_1,luminosity,5.0
2025-10-07T00:00:00,occ_1,occupancy,0.0
2025-10-07T00:15:00,temp_1,temperature,20.37
2025-10-07T00:15:00,lux_1,luminosity,4.0
2025-10-07T00:15:00,occ_1,occupancy,0.0
2025-10-07T00:30:00,temp_1,temperature,19.75
2025-10-07T00:30:00,lux_1,luminosity,5.0
2025-10-07T00:30:00,occ_1,occupancy,0.0
2025-10-07T00:45:00,temp_1,temperature,20.54
2025-10-07T00:45:00,lux_1,luminosity,3.0
2025-10-07T00:45:00,occ_1,occupancy,0.0
2025-10-07T01:00:00,temp_1,temperature,20.53
2025-10-07T01:00:00,lux_1,luminosity,7.0
2025-10-07T01:00:00,occ_1,occupancy,0.0
2025-10-07T01:15:00,temp_1,temperature,20.12
2025-10-07T01:15:00,lux_1,luminosity,5.0
2025-10-07T01:15:00,occ_1,occupancy,0.0
2025-10-07T01:30:00,temp_1,temperature,20.56
2025-10-07T01:30:00,lux_1,luminosity,4.0
2025-10-07T01:30:00,occ_1,occupancy,0.0
2025-10-07T01:45:00,temp_1,temperature,21.64
2025-10-07T01:45:00,lux_1,luminosity,4.0
2025-10-07T01:45:00,occ_1,occupancy,0.0
2025-10-07T02:00:00,temp_1,temperature,20.41
2025-10-07T02:00:00,lux_1,luminosity,6.0
2025-10-07T02:00:00,occ_1,occupancy,0.0
2025-10-07T02:15:00,temp_1,temperature,19.58
2025-10-07T02:15:00,lux_1,luminosity,5.0
2025-10-07T02:15:00,occ_1,occupancy,0.0
2025-10-07T02:30:00,temp_1,temperature,19.04
2025-10-07T02:30:00,lux_1,luminosity,1.0
2025-10-07T02:30:00,occ_1,occupancy,0.0
2025-10-07T02:45:00,temp_1,temperature,19.12
2025-10-07T02:45:00,lux_1,luminosity,0.0
2025-10-07T02:45:00,occ_1,occupancy,0.0
2025-10-07T03:00:00,temp_1,temperature,20.34
2025-10-07T03:00:00,lux_1,luminosity,5.0
2025-10-07T03:00:00,occ_1,occupancy,0.0
2025-10-07T03:15:00,temp_1,temperature,20.18
2025-10-07T03:15:00,lux_1,luminosity,1.0
2025-10-07T03:15:00,occ_1,occupancy,0.0
2025-10-07T03:30:00,temp_1,temperature,20.04
2025-10-07T03:30:00,lux_1,luminosity,3.0
2025-10-07T03:30:00,occ_1,occupancy,0.0
2025-10-07T03:45:00,temp_1,temperature,19.05
2025-10-07T03:45:00,lux_1,luminosity,4.0
2025-10-07T03:45:00,occ_1,occupancy,0.0
2025-10-07T04:00:00,temp_1,temperature,20.37
2025-10-07T04:00:00,lux_1,luminosity,4.0
2025-10-07T04:00:00,occ_1,occupancy,0.0
2025-10-07T04:15:00,temp_1,temperature,19.11
2025-10-07T04:15:00,lux_1,luminosity,5.0
2025-10-07T04:15:00,occ_1,occupancy,0.0
2025-10-07T04:30:00,temp_1,temperature,19.59
2025-10-07T04:30:00,lux_1,luminosity,3.0
2025-10-07T04:30:00,occ_1,occupancy,0.0
2025-10-07T04:45:00,temp_1,temperature,19.74
2025-10-07T04:45:00,lux_1,luminosity,3.0
2025-10-07T04:45:00,occ_1,occupancy,0.0
2025-10-07T05:00:00,temp_1,temperature,19.5
2025-10-07T05:00:00,lux_1,luminosity,6.0
2025-10-07T05:00:00,occ_1,occupancy,0.0
2025-10-07T05:15:00,temp_1,temperature,19.58
2025-10-07T05:15:00,lux_1,luminosity,5.0
2025-10-07T05:15:00,occ_1,occupancy,0.0
2025-10-07T05:30:00,temp_1,temperature,18.77
2025-10-07T05:30:00,lux_1,luminosity,4.0
2025-10-07T05:30:00,occ_1,occupancy,0.0
2025-10-07T05:45:00,temp_1,temperature,19.26
2025-10-07T05:45:00,lux_1,luminosity,8.0
2025-10-07T05:45:00,occ_1,occupancy,0.0
2025-10-07T06:00:00,temp_1,temperature,19.24
2025-10-07T06:00:00,lux_1,luminosity,239.0
2025-10-07T06:00:00,occ_1,occupancy,0.0
2025-10-07T06:15:00,temp_1,temperature,18.89
2025-10-07T06:15:00,lux_1,luminosity,207.0
2025-10-07T06:15:00,occ_1,occupancy,0.0
2025-10-07T06:30:00,temp_1,temperature,19.18
2025-10-07T06:30:00,lux_1,luminosity,264.0
2025-10-07T06:30:00,occ_1,occupancy,0.0
2025-10-07T06:45:00,temp_1,temperature,17.95
2025-10-07T06:45:00,lux_1,luminosity,100.0
2025-10-07T06:45:00,occ_1,occupancy,0.0
2025-10-07T07:00:00,temp_1,temperature,21.9
2025-10-07T07:00:00,lux_1,luminosity,251.0
2025-10-07T07:00:00,occ_1,occupancy,0.0
2025-10-07T07:15:00,temp_1,temperature,22.8
2025-10-07T07:15:00,lux_1,luminosity,201.0
2025-10-07T07:15:00,occ_1,occupancy,0.0
2025-10-07T07:30:00,temp_1,temperature,21.95
2025-10-07T07:30:00,lux_1,luminosity,100.0
2025-10-07T07:30:00,occ_1,occupancy,0.0
2025-10-07T07:45:00,temp_1,temperature,22.74
2025-10-07T07:45:00,lux_1,luminosity,100.0
2025-10-07T07:45:00,occ_1,occupancy,0.0
2025-10-07T08:00:00,temp_1,temperature,23.42
2025-10-07T08:00:00,lux_1,luminosity,291.0
2025-10-07T08:00:00,occ_1,occupancy,1.0
2025-10-07T08:15:00,temp_1,temperature,23.83
2025-10-07T08:15:00,lux_1,luminosity,416.0
2025-10-07T08:15:00,occ_1,occupancy,1.0
2025-10-07T08:30:00,temp_1,temperature,22.77
2025-10-07T08:30:00,lux_1,luminosity,263.0
2025-10-07T08:30:00,occ_1,occupancy,1.0
2025-10-07T08:45:00,temp_1,temperature,23.98
2025-10-07T08:45:00,lux_1,luminosity,289.0
2025-10-07T08:45:00,occ_1,occupancy,1.0
2025-10-07T09:00:00,temp_1,temperature,23.72
2025-10-07T09:00:00,lux_1,luminosity,659.0
2025-10-07T09:00:00,occ_1,occupancy,0.0
2025-10-07T09:15:00,temp_1,temperature,23.6
2025-10-07T09:15:00,lux_1,luminosity,404.0
2025-10-07T09:15:00,occ_1,occupancy,1.0
2025-10-07T09:30:00,temp_1,temperature,23.96
2025-10-07T09:30:00,lux_1,luminosity,667.0
2025-10-07T09:30:00,occ_1,occupancy,1.0
2025-10-07T09:45:00,temp_1,temperature,22.95
2025-10-07T09:45:00,lux_1,luminosity,495.0
2025-10-07T09:45:00,occ_1,occupancy,1.0
2025-10-07T10:00:00,temp_1,temperature,25.43
2025-10-07T10:00:00,lux_1,luminosity,656.0
2025-10-07T10:00:00,occ_1,occupancy,0.0
2025-10-07T10:15:00,temp_1,temperature,24.33
2025-10-07T10:15:00,lux_1,luminosity,691.0
2025-10-07T10:15:00,occ_1,occupancy,0.0
2025-10-07T10:30:00,temp_1,temperature,25.08
2025-10-07T10:30:00,lux_1,luminosity,737.0
2025-10-07T10:30:00,occ_1,occupancy,1.0
2025-10-07T10:45:00,temp_1,temperature,24.44
2025-10-07T10:45:00,lux_1,luminosity,627.0
2025-10-07T10:45:00,occ_1,occupancy,0.0
2025-10-07T11:00:00,temp_1,temperature,24.63
2025-10-07T11:00:00,lux_1,luminosity,826.0
2025-10-07T11:00:00,occ_1,occupancy,1.0
2025-10-07T11:15:00,temp_1,temperature,23.93
2025-10-07T11:15:00,lux_1,luminosity,781.0
2025-10-07T11:15:00,occ_1,occupancy,1.0
2025-10-07T11:30:00,temp_1,temperature,24.79
2025-10-07T11:30:00,lux_1,luminosity,755.0
2025-10-07T11:30:00,occ_1,occupancy,0.0
2025-10-07T11:45:00,temp_1,temperature,24.48
2025-10-07T11:45:00,lux_1,luminosity,689.0
2025-10-07T11:45:00,occ_1,occupancy,1.0
2025-10-07T12:00:00,temp_1,temperature,26.26
2025-10-07T12:00:00,lux_1,luminosity,818.0
2025-10-07T12:00:00,occ_1,occupancy,1.0
2025-10-07T12:15:00,temp_1,temperature,25.51
2025-10-07T12:15:00,lux_1,luminosity,848.0
2025-10-07T12:15:00,occ_1,occupancy,0.0
2025-10-07T12:30:00,temp_1,temperature,25.41
2025-10-07T12:30:00,lux_1,luminosity,821.0
2025-10-07T12:30:00,occ_1,occupancy,1.0
2025-10-07T12:45:00,temp_1,temperature,24.97
2025-10-07T12:45:00,lux_1,luminosity,748.0
2025-10-07T12:45:00,occ_1,occupancy,0.0
2025-10-07T13:00:00,temp_1,temperature,24.35
2025-10-07T13:00:00,lux_1,luminosity,814.0
2025-10-07T13:00:00,occ_1,occupancy,1.0
2025-10-07T13:15:00,temp_1,temperature,24.06
2025-10-07T13:15:00,lux_1,luminosity,644.0
2025-10-07T13:15:00,occ_1,occupancy,1.0
2025-10-07T13:30:00,temp_1,temperature,25.8
2025-10-07T13:30:00,lux_1,luminosity,847.0
2025-10-07T13:30:00,occ_1,occupancy,1.0
2025-10-07T13:45:00,temp_1,temperature,26.1
2025-10-07T13:45:00,lux_1,luminosity,819.0
2025-10-07T13:45:00,occ_1,occupancy,1.0
2025-10-07T14:00:00,temp_1,temperature,23.63
2025-10-07T14:00:00,lux_1,luminosity,761.0
2025-10-07T14:00:00,occ_1,occupancy,1.0
2025-10-07T14:15:00,temp_1,temperature,25.02
2025-10-07T14:15:00,lux_1,luminosity,810.0
2025-10-07T14:15:00,occ_1,occupancy,1.0
2025-10-07T14:30:00,temp_1,temperature,25.05
2025-10-07T14:30:00,lux_1,luminosity,725.0
2025-10-07T14:30:00,occ_1,occupancy,0.0
2025-10-07T14:45:00,temp_1,temperature,24.84
2025-10-07T14:45:00,lux_1,luminosity,796.0
2025-10-07T14:45:00,occ_1,occupancy,1.0
2025-10-07T15:00:00,temp_1,temperature,24.36
2025-10-07T15:00:00,lux_1,luminosity,559.0
2025-10-07T15:00:00,occ_1,occupancy,1.0
2025-10-07T15:15:00,temp_1,temperature,24.62
2025-10-07T15:15:00,lux_1,luminosity,692.0
2025-10-07T15:15:00,occ_1,occupancy,0.0
2025-10-07T15:30:00,temp_1,temperature,25.48
2025-10-07T15:30:00,lux_1,luminosity,568.0
2025-10-07T15:30:00,occ_1,occupancy,1.0
2025-10-07T15:45:00,temp_1,temperature,24.46
2025-10-07T15:45:00,lux_1,luminosity,777.0
2025-10-07T15:45:00,occ_1,occupancy,1.0
2025-10-07T16:00:00,temp_1,temperature,24.67
2025-10-07T16:00:00,lux_1,luminosity,486.0
2025-10-07T16:00:00,occ_1,occupancy,0.0
2025-10-07T16:15:00,temp_1,temperature,24.35
2025-10-07T16:15:00,lux_1,luminosity,595.0
2025-10-07T16:15:00,occ_1,occupancy,0.0
2025-10-07T16:30:00,temp_1,temperature,25.17
2025-10-07T16:30:00,lux_1,luminosity,496.0
2025-10-07T16:30:00,occ_1,occupancy,1.0
2025-10-07T16:45:00,temp_1,temperature,24.88
2025-10-07T16:45:00,lux_1,luminosity,601.0
2025-10-07T16:45:00,occ_1,occupancy,0.0
2025-10-07T17:00:00,temp_1,temperature,23.95
2025-10-07T17:00:00,lux_1,luminosity,323.0
2025-10-07T17:00:00,occ_1,occupancy,1.0
2025-10-07T17:15:00,temp_1,temperature,23.83
2025-10-07T17:15:00,lux_1,luminosity,372.0
2025-10-07T17:15:00,occ_1,occupancy,0.0
2025-10-07T17:30:00,temp_1,temperature,23.8
2025-10-07T17:30:00,lux_1,luminosity,397.0
2025-10-07T17:30:00,occ_1,occupancy,1.0
2025-10-07T17:45:00,temp_1,temperature,24.7
2025-10-07T17:45:00,lux_1,luminosity,607.0
2025-10-07T17:45:00,occ_1,occupancy,1.0
2025-10-07T18:00:00,temp_1,temperature,24.29
2025-10-07T18:00:00,lux_1,luminosity,236.0
2025-10-07T18:00:00,occ_1,occupancy,1.0
2025-10-07T18:15:00,temp_1,temperature,22.34
2025-10-07T18:15:00,lux_1,luminosity,158.0
2025-10-07T18:15:00,occ_1,occupancy,0.0
2025-10-07T18:30:00,temp_1,temperature,23.07
2025-10-07T18:30:00,lux_1,luminosity,119.0
2025-10-07T18:30:00,occ_1,occupancy,0.0
2025-10-07T18:45:00,temp_1,temperature,22.45
2025-10-07T18:45:00,lux_1,luminosity,130.0
2025-10-07T18:45:00,occ_1,occupancy,0.0
2025-10-07T19:00:00,temp_1,temperature,19.41
2025-10-07T19:00:00,lux_1,luminosity,4.0
2025-10-07T19:00:00,occ_1,occupancy,0.0
2025-10-07T19:15:00,temp_1,temperature,19.18
2025-10-07T19:15:00,lux_1,luminosity,4.0
2025-10-07T19:15:00,occ_1,occupancy,0.0
2025-10-07T19:30:00,temp_1,temperature,20.02
2025-10-07T19:30:00,lux_1,luminosity,3.0
2025-10-07T19:30:00,occ_1,occupancy,1.0
2025-10-07T19:45:00,temp_1,temperature,18.72
2025-10-07T19:45:00,lux_1,luminosity,4.0
2025-10-07T19:45:00,occ_1,occupancy,0.0
2025-10-07T20:00:00,temp_1,temperature,20.13
2025-10-07T20:00:00,lux_1,luminosity,6.0
2025-10-07T20:00:00,occ_1,occupancy,0.0
2025-10-07T20:15:00,temp_1,temperature,19.11
2025-10-07T20:15:00,lux_1,luminosity,3.0
2025-10-07T20:15:00,occ_1,occupancy,0.0
2025-10-07T20:30:00,temp_1,temperature,19.17
2025-10-07T20:30:00,lux_1,luminosity,3.0
2025-10-07T20:30:00,occ_1,occupancy,0.0
2025-10-07T20:45:00,temp_1,temperature,19.8
2025-10-07T20:45:00,lux_1,luminosity,7.0
2025-10-07T20:45:00,occ_1,occupancy,0.0
2025-10-07T21:00:00,temp_1,temperature,19.98
2025-10-07T21:00:00,lux_1,luminosity,2.0
2025-10-07T21:00:00,occ_1,occupancy,0.0
2025-10-07T21:15:00,temp_1,temperature,19.67
2025-10-07T21:15:00,lux_1,luminosity,2.0
2025-10-07T21:15:00,occ_1,occupancy,0.0
2025-10-07T21:30:00,temp_1,temperature,19.03
2025-10-07T21:30:00,lux_1,luminosity,5.0
2025-10-07T21:30:00,occ_1,occupancy,0.0
2025-10-07T21:45:00,temp_1,temperature,20.43
2025-10-07T21:45:00,lux_1,luminosity,2.0
2025-10-07T21:45:00,occ_1,occupancy,0.0
2025-10-07T22:00:00,temp_1,temperature,20.08
2025-10-07T22:00:00,lux_1,luminosity,4.0
2025-10-07T22:00:00,occ_1,occupancy,0.0
2025-10-07T22:15:00,temp_1,temperature,19.59
2025-10-07T22:15:00,lux_1,luminosity,6.0
2025-10-07T22:15:00,occ_1,occupancy,0.0
2025-10-07T22:30:00,temp_1,temperature,19.45
2025-10-07T22:30:00,lux_1,luminosity,6.0
2025-10-07T22:30:00,occ_1,occupancy,0.0
2025-10-07T22:45:00,temp_1,temperature,19.41
2025-10-07T22:45:00,lux_1,luminosity,3.0
2025-10-07T22:45:00,occ_1,occupancy,0.0
2025-10-07T23:00:00,temp_1,temperature,20.71
2025-10-07T23:00:00,lux_1,luminosity,3.0
2025-10-07T23:00:00,occ_1,occupancy,0.0
2025-10-07T23:15:00,temp_1,temperature,20.36
2025-10-07T23:15:00,lux_1,luminosity,6.0
2025-10-07T23:15:00,occ_1,occupancy,0.0
2025-10-07T23:30:00,temp_1,temperature,21.56
2025-10-07T23:30:00,lux_1,luminosity,5.0
2025-10-07T23:30:00,occ_1,occupancy,0.0
2025-10-07T23:45:00,temp_1,temperature,22.08
2025-10-07T23:45:00,lux_1,luminosity,4.0
2025-10-07T23:45:00,occ_1,occupancy,0.0
2025-10-08T00:00:00,temp_1,temperature,21.2
2025-10-08T00:00:00,lux_1,luminosity,4.0
2025-10-08T00:00:00,occ_1,occupancy,0.0
2025-10-08T00:15:00,temp_1,temperature,20.76
2025-10-08T00:15:00,lux_1,luminosity,4.0
2025-10-08T00:15:00,occ_1,occupancy,0.0
2025-10-08T00:30:00,temp_1,temperature,20.08
2025-10-08T00:30:00,lux_1,luminosity,7.0
2025-10-08T00:30:00,occ_1,occupancy,0.0
2025-10-08T00:45:00,temp_1,temperature,20.74
2025-10-08T00:45:00,lux_1,luminosity,2.0
2025-10-08T00:45:00,occ_1,occupancy,0.0
2025-10-08T01:00:00,temp_1,temperature,20.44
2025-10-08T01:00:00,lux_1,luminosity,5.0
2025-10-08T01:00:00,occ_1,occupancy,0.0
2025-10-08T01:15:00,temp_1,temperature,20.14
2025-10-08T01:15:00,lux_1,luminosity,2.0
2025-10-08T01:15:00,occ_1,occupancy,0.0
2025-10-08T01:30:00,temp_1,temperature,19.91
2025-10-08T01:30:00,lux_1,luminosity,5.0
2025-10-08T01:30:00,occ_1,occupancy,0.0
2025-10-08T01:45:00,temp_1,temperature,21.29
2025-10-08T01:45:00,lux_1,luminosity,11.0
2025-10-08T01:45:00,occ_1,occupancy,0.0
2025-10-08T02:00:00,temp_1,temperature,20.71
2025-10-08T02:00:00,lux_1,luminosity,7.0
2025-10-08T02:00:00,occ_1,occupancy,0.0
2025-10-08T02:15:00,temp_1,temperature,21.63
2025-10-08T02:15:00,lux_1,luminosity,2.0
2025-10-08T02:15:00,occ_1,occupancy,0.0
2025-10-08T02:30:00,temp_1,temperature,20.13
2025-10-08T02:30:00,lux_1,luminosity,3.0
2025-10-08T02:30:00,occ_1,occupancy,1.0
2025-10-08T02:45:00,temp_1,temperature,20.83
2025-10-08T02:45:00,lux_1,luminosity,6.0
2025-10-08T02:45:00,occ_1,occupancy,0.0
2025-10-08T03:00:00,temp_1,temperature,19.59
2025-10-08T03:00:00,lux_1,luminosity,6.0
2025-10-08T03:00:00,occ_1,occupancy,0.0
2025-10-08T03:15:00,temp_1,temperature,20.78
2025-10-08T03:15:00,lux_1,luminosity,4.0
2025-10-08T03:15:00,occ_1,occupancy,0.0
2025-10-08T03:30:00,temp_1,temperature,18.54
2025-10-08T03:30:00,lux_1,luminosity,6.0
2025-10-08T03:30:00,occ_1,occupancy,0.0
2025-10-08T03:45:00,temp_1,temperature,19.73
2025-10-08T03:45:00,lux_1,luminosity,2.0
2025-10-08T03:45:00,occ_1,occupancy,0.0
2025-10-08T04:00:00,temp_1,temperature,19.42
2025-10-08T04:00:00,lux_1,luminosity,1.0
2025-10-08T04:00:00,occ_1,occupancy,1.0
2025-10-08T04:15:00,temp_1,temperature,20.05
2025-10-08T04:15:00,lux_1,luminosity,7.0
2025-10-08T04:15:00,occ_1,occupancy,0.0
2025-10-08T04:30:00,temp_1,temperature,19.33
2025-10-08T04:30:00,lux_1,luminosity,6.0
2025-10-08T04:30:00,occ_1,occupancy,0.0
2025-10-08T04:45:00,temp_1,temperature,19.49
2025-10-08T04:45:00,lux_1,luminosity,3.0
2025-10-08T04:45:00,occ_1,occupancy,0.0
2025-10-08T05:00:00,temp_1,temperature,19.35
2025-10-08T05:00:00,lux_1,luminosity,2.0
2025-10-08T05:00:00,occ_1,occupancy,0.0
2025-10-08T05:15:00,temp_1,temperature,19.89
2025-10-08T05:15:00,lux_1,luminosity,3.0
2025-10-08T05:15:00,occ_1,occupancy,0.0
2025-10-08T05:30:00,temp_1,temperature,18.88
2025-10-08T05:30:00,lux_1,luminosity,3.0
2025-10-08T05:30:00,occ_1,occupancy,0.0
2025-10-08T05:45:00,temp_1,temperature,19.42
2025-10-08T05:45:00,lux_1,luminosity,5.0
2025-10-08T05:45:00,occ_1,occupancy,0.0
2025-10-08T06:00:00,temp_1,temperature,19.57
2025-10-08T06:00:00,lux_1,luminosity,213.0
2025-10-08T06:00:00,occ_1,occupancy,0.0
2025-10-08T06:15:00,temp_1,temperature,18.93
2025-10-08T06:15:00,lux_1,luminosity,224.0
2025-10-08T06:15:00,occ_1,occupancy,0.0
2025-10-08T06:30:00,temp_1,temperature,18.93
2025-10-08T06:30:00,lux_1,luminosity,216.0
2025-10-08T06:30:00,occ_1,occupancy,0.0
2025-10-08T06:45:00,temp_1,temperature,18.77
2025-10-08T06:45:00,lux_1,luminosity,315.0
2025-10-08T06:45:00,occ_1,occupancy,0.0
2025-10-08T07:00:00,temp_1,temperature,22.14
2025-10-08T07:00:00,lux_1,luminosity,285.0
2025-10-08T07:00:00,occ_1,occupancy,0.0
2025-10-08T07:15:00,temp_1,temperature,22.34
2025-10-08T07:15:00,lux_1,luminosity,137.0
2025-10-08T07:15:00,occ_1,occupancy,1.0
2025-10-08T07:30:00,temp_1,temperature,23.28
2025-10-08T07:30:00,lux_1,luminosity,100.0
2025-10-08T07:30:00,occ_1,occupancy,0.0
2025-10-08T07:45:00,temp_1,temperature,23.5
2025-10-08T07:45:00,lux_1,luminosity,295.0
2025-10-08T07:45:00,occ_1,occupancy,1.0
2025-10-08T08:00:00,temp_1,temperature,23.01
2025-10-08T08:00:00,lux_1,luminosity,426.0
2025-10-08T08:00:00,occ_1,occupancy,0.0
2025-10-08T08:15:00,temp_1,temperature,23.98
2025-10-08T08:15:00,lux_1,luminosity,411.0
2025-10-08T08:15:00,occ_1,occupancy,1.0
2025-10-08T08:30:00,temp_1,temperature,24.11
2025-10-08T08:30:00,lux_1,luminosity,404.0
2025-10-08T08:30:00,occ_1,occupancy,1.0
2025-10-08T08:45:00,temp_1,temperature,23.05
2025-10-08T08:45:00,lux_1,luminosity,300.0
2025-10-08T08:45:00,occ_1,occupancy,0.0
2025-10-08T09:00:00,temp_1,temperature,24.21
2025-10-08T09:00:00,lux_1,luminosity,530.0
2025-10-08T09:00:00,occ_1,occupancy,1.0
2025-10-08T09:15:00,temp_1,temperature,24.34
2025-10-08T09:15:00,lux_1,luminosity,477.0
2025-10-08T09:15:00,occ_1,occupancy,1.0
2025-10-08T09:30:00,temp_1,temperature,23.58
2025-10-08T09:30:00,lux_1,luminosity,539.0
2025-10-08T09:30:00,occ_1,occupancy,0.0
2025-10-08T09:45:00,temp_1,temperature,22.98
2025-10-08T09:45:00,lux_1,luminosity,614.0
2025-10-08T09:45:00,occ_1,occupancy,1.0
2025-10-08T10:00:00,temp_1,temperature,23.71
2025-10-08T10:00:00,lux_1,luminosity,491.0
2025-10-08T10:00:00,occ_1,occupancy,1.0
2025-10-08T10:15:00,temp_1,temperature,24.67
2025-10-08T10:15:00,lux_1,luminosity,433.0
2025-10-08T10:15:00,occ_1,occupancy,0.0
2025-10-08T10:30:00,temp_1,temperature,23.66
2025-10-08T10:30:00,lux_1,luminosity,620.0
2025-10-08T10:30:00,occ_1,occupancy,1.0
2025-10-08T10:45:00,temp_1,temperature,24.1
2025-10-08T10:45:00,lux_1,luminosity,647.0
2025-10-08T10:45:00,occ_1,occupancy,1.0
2025-10-08T11:00:00,temp_1,temperature,24.15
2025-10-08T11:00:00,lux_1,luminosity,808.0
2025-10-08T11:00:00,occ_1,occupancy,1.0
2025-10-08T11:15:00,temp_1,temperature,24.72
2025-10-08T11:15:00,lux_1,luminosity,756.0
2025-10-08T11:15:00,occ_1,occupancy,1.0
2025-10-08T11:30:00,temp_1,temperature,25.24
2025-10-08T11:30:00,lux_1,luminosity,739.0
2025-10-08T11:30:00,occ_1,occupancy,1.0
2025-10-08T11:45:00,temp_1,temperature,24.98
2025-10-08T11:45:00,lux_1,luminosity,721.0
2025-10-08T11:45:00,occ_1,occupancy,1.0
2025-10-08T12:00:00,temp_1,temperature,24.35
2025-10-08T12:00:00,lux_1,luminosity,725.0
2025-10-08T12:00:00,occ_1,occupancy,1.0
2025-10-08T12:15:00,temp_1,temperature,24.24
2025-10-08T12:15:00,lux_1,luminosity,642.0
2025-10-08T12:15:00,occ_1,occupancy,1.0
2025-10-08T12:30:00,temp_1,temperature,24.43
2025-10-08T12:30:00,lux_1,luminosity,703.0
2025-10-08T12:30:00,occ_1,occupancy,1.0
2025-10-08T12:45:00,temp_1,temperature,25.68
2025-10-08T12:45:00,lux_1,luminosity,691.0
2025-10-08T12:45:00,occ_1,occupancy,1.0
2025-10-08T13:00:00,temp_1,temperature,25.15
2025-10-08T13:00:00,lux_1,luminosity,709.0
2025-10-08T13:00:00,occ_1,occupancy,1.0
2025-10-08T13:15:00,temp_1,temperature,25.46
2025-10-08T13:15:00,lux_1,luminosity,835.0
2025-10-08T13:15:00,occ_1,occupancy,1.0
2025-10-08T13:30:00,temp_1,temperature,25.94
2025-10-08T13:30:00,lux_1,luminosity,773.0
2025-10-08T13:30:00,occ_1,occupancy,1.0
2025-10-08T13:45:00,temp_1,temperature,24.07
2025-10-08T13:45:00,lux_1,luminosity,635.0
2025-10-08T13:45:00,occ_1,occupancy,0.0
2025-10-08T14:00:00,temp_1,temperature,25.57
2025-10-08T14:00:00,lux_1,luminosity,725.0
2025-10-08T14:00:00,occ_1,occupancy,1.0
2025-10-08T14:15:00,temp_1,temperature,25.01
2025-10-08T14:15:00,lux_1,luminosity,827.0
2025-10-08T14:15:00,occ_1,occupancy,0.0
2025-10-08T14:30:00,temp_1,temperature,25.14
2025-10-08T14:30:00,lux_1,luminosity,731.0
2025-10-08T14:30:00,occ_1,occupancy,1.0
2025-10-08T14:45:00,temp_1,temperature,23.91
2025-10-08T14:45:00,lux_1,luminosity,734.0
2025-10-08T14:45:00,occ_1,occupancy,0.0
2025-10-08T15:00:00,temp_1,temperature,24.73
2025-10-08T15:00:00,lux_1,luminosity,680.0
2025-10-08T15:00:00,occ_1,occupancy,0.0
2025-10-08T15:15:00,temp_1,temperature,24.27
2025-10-08T15:15:00,lux_1,luminosity,470.0
2025-10-08T15:15:00,occ_1,occupancy,1.0
2025-10-08T15:30:00,temp_1,temperature,25.88
2025-10-08T15:30:00,lux_1,luminosity,660.0
2025-10-08T15:30:00,occ_1,occupancy,0.0
2025-10-08T15:45:00,temp_1,temperature,24.69
2025-10-08T15:45:00,lux_1,luminosity,618.0
2025-10-08T15:45:00,occ_1,occupancy,1.0
2025-10-08T16:00:00,temp_1,temperature,24.84
2025-10-08T16:00:00,lux_1,luminosity,441.0
2025-10-08T16:00:00,occ_1,occupancy,1.0
2025-10-08T16:15:00,temp_1,temperature,24.22
2025-10-08T16:15:00,lux_1,luminosity,675.0
2025-10-08T16:15:00,occ_1,occupancy,0.0
2025-10-08T16:30:00,temp_1,temperature,24.75
2025-10-08T16:30:00,lux_1,luminosity,533.0
2025-10-08T16:30:00,occ_1,occupancy,0.0
2025-10-08T16:45:00,temp_1,temperature,25.47
2025-10-08T16:45:00,lux_1,luminosity,547.0
2025-10-08T16:45:00,occ_1,occupancy,1.0
2025-10-08T17:00:00,temp_1,temperature,23.76
2025-10-08T17:00:00,lux_1,luminosity,439.0
2025-10-08T17:00:00,occ_1,occupancy,0.0
2025-10-08T17:15:00,temp_1,temperature,23.56
2025-10-08T17:15:00,lux_1,luminosity,399.0
2025-10-08T17:15:00,occ_1,occupancy,1.0
2025-10-08T17:30:00,temp_1,temperature,24.81
2025-10-08T17:30:00,lux_1,luminosity,367.0
2025-10-08T17:30:00,occ_1,occupancy,1.0
2025-10-08T17:45:00,temp_1,temperature,23.61
2025-10-08T17:45:00,lux_1,luminosity,333.0
2025-10-08T17:45:00,occ_1,occupancy,1.0
2025-10-08T18:00:00,temp_1,temperature,23.56
2025-10-08T18:00:00,lux_1,luminosity,100.0
2025-10-08T18:00:00,occ_1,occupancy,0.0
2025-10-08T18:15:00,temp_1,temperature,23.44
2025-10-08T18:15:00,lux_1,luminosity,267.0
2025-10-08T18:15:00,occ_1,occupancy,1.0
2025-10-08T18:30:00,temp_1,temperature,23.96
2025-10-08T18:30:00,lux_1,luminosity,134.0
2025-10-08T18:30:00,occ_1,occupancy,0.0
2025-10-08T18:45:00,temp_1,temperature,23.98
2025-10-08T18:45:00,lux_1,luminosity,162.0
2025-10-08T18:45:00,occ_1,occupancy,0.0
2025-10-08T19:00:00,temp_1,temperature,19.92
2025-10-08T19:00:00,lux_1,luminosity,4.0
2025-10-08T19:00:00,occ_1,occupancy,1.0
2025-10-08T19:15:00,temp_1,temperature,19.69
2025-10-08T19:15:00,lux_1,luminosity,2.0
2025-10-08T19:15:00,occ_1,occupancy,0.0
2025-10-08T19:30:00,temp_1,temperature,19.22
2025-10-08T19:30:00,lux_1,luminosity,2.0
2025-10-08T19:30:00,occ_1,occupancy,0.0
2025-10-08T19:45:00,temp_1,temperature,19.29
2025-10-08T19:45:00,lux_1,luminosity,3.0
2025-10-08T19:45:00,occ_1,occupancy,0.0
2025-10-08T20:00:00,temp_1,temperature,19.51
2025-10-08T20:00:00,lux_1,luminosity,6.0
2025-10-08T20:00:00,occ_1,occupancy,0.0
2025-10-08T20:15:00,temp_1,temperature,20.14
2025-10-08T20:15:00,lux_1,luminosity,4.0
2025-10-08T20:15:00,occ_1,occupancy,0.0
2025-10-08T20:30:00,temp_1,temperature,19.73
2025-10-08T20:30:00,lux_1,luminosity,5.0
2025-10-08T20:30:00,occ_1,occupancy,0.0
2025-10-08T20:45:00,temp_1,temperature,18.8
2025-10-08T20:45:00,lux_1,luminosity,4.0
2025-10-08T20:45:00,occ_1,occupancy,0.0
2025-10-08T21:00:00,temp_1,temperature,19.66
2025-10-08T21:00:00,lux_1,luminosity,5.0
2025-10-08T21:00:00,occ_1,occupancy,0.0
2025-10-08T21:15:00,temp_1,temperature,19.33
2025-10-08T21:15:00,lux_1,luminosity,8.0
2025-10-08T21:15:00,occ_1,occupancy,0.0
2025-10-08T21:30:00,temp_1,temperature,19.89
2025-10-08T21:30:00,lux_1,luminosity,3.0
2025-10-08T21:30:00,occ_1,occupancy,0.0
2025-10-08T21:45:00,temp_1,temperature,19.48
2025-10-08T21:45:00,lux_1,luminosity,1.0
2025-10-08T21:45:00,occ_1,occupancy,0.0
2025-10-08T22:00:00,temp_1,temperature,21.17
2025-10-08T22:00:00,lux_1,luminosity,5.0
2025-10-08T22:00:00,occ_1,occupancy,0.0
2025-10-08T22:15:00,temp_1,temperature,20.13
2025-10-08T22:15:00,lux_1,luminosity,6.0
2025-10-08T22:15:00,occ_1,occupancy,0.0
2025-10-08T22:30:00,temp_1,temperature,19.84
2025-10-08T22:30:00,lux_1,luminosity,6.0
2025-10-08T22:30:00,occ_1,occupancy,0.0
2025-10-08T22:45:00,temp_1,temperature,20.54
2025-10-08T22:45:00,lux_1,luminosity,9.0
2025-10-08T22:45:00,occ_1,occupancy,1.0
2025-10-08T23:00:00,temp_1,temperature,19.3
2025-10-08T23:00:00,lux_1,luminosity,4.0
2025-10-08T23:00:00,occ_1,occupancy,0.0
2025-10-08T23:15:00,temp_1,temperature,19.42
2025-10-08T23:15:00,lux_1,luminosity,6.0
2025-10-08T23:15:00,occ_1,occupancy,0.0
2025-10-08T23:30:00,temp_1,temperature,20.64
2025-10-08T23:30:00,lux_1,luminosity,3.0
2025-10-08T23:30:00,occ_1,occupancy,0.0
2025-10-08T23:45:00,temp_1,temperature,21.41
2025-10-08T23:45:00,lux_1,luminosity,4.0
2025-10-08T23:45:00,occ_1,occupancy,0.0
2025-10-09T00:00:00,temp_1,temperature,21.12
2025-10-09T00:00:00,lux_1,luminosity,2.0
2025-10-09T00:00:00,occ_1,occupancy,0.0
2025-10-09T00:15:00,temp_1,temperature,20.43
2025-10-09T00:15:00,lux_1,luminosity,7.0
2025-10-09T00:15:00,occ_1,occupancy,0.0
2025-10-09T00:30:00,temp_1,temperature,20.18
2025-10-09T00:30:00,lux_1,luminosity,6.0
2025-10-09T00:30:00,occ_1,occupancy,0.0
2025-10-09T00:45:00,temp_1,temperature,21.14
2025-10-09T00:45:00,lux_1,luminosity,3.0
2025-10-09T00:45:00,occ_1,occupancy,0.0
2025-10-09T01:00:00,temp_1,temperature,21.04
2025-10-09T01:00:00,lux_1,luminosity,2.0
2025-10-09T01:00:00,occ_1,occupancy,0.0
2025-10-09T01:15:00,temp_1,temperature,19.73
2025-10-09T01:15:00,lux_1,luminosity,3.0
2025-10-09T01:15:00,occ_1,occupancy,0.0
2025-10-09T01:30:00,temp_1,temperature,19.76
2025-10-09T01:30:00,lux_1,luminosity,4.0
2025-10-09T01:30:00,occ_1,occupancy,0.0
2025-10-09T01:45:00,temp_1,temperature,21.47
2025-10-09T01:45:00,lux_1,luminosity,0.0
2025-10-09T01:45:00,occ_1,occupancy,0.0
2025-10-09T02:00:00,temp_1,temperature,20.6
2025-10-09T02:00:00,lux_1,luminosity,8.0
2025-10-09T02:00:00,occ_1,occupancy,0.0
2025-10-09T02:15:00,temp_1,temperature,20.3
2025-10-09T02:15:00,lux_1,luminosity,5.0
2025-10-09T02:15:00,occ_1,occupancy,0.0
2025-10-09T02:30:00,temp_1,temperature,19.92
2025-10-09T02:30:00,lux_1,luminosity,6.0
2025-10-09T02:30:00,occ_1,occupancy,0.0
2025-10-09T02:45:00,temp_1,temperature,20.13
2025-10-09T02:45:00,lux_1,luminosity,6.0
2025-10-09T02:45:00,occ_1,occupancy,0.0
2025-10-09T03:00:00,temp_1,temperature,20.21
2025-10-09T03:00:00,lux_1,luminosity,4.0
2025-10-09T03:00:00,occ_1,occupancy,0.0
2025-10-09T03:15:00,temp_1,temperature,19.1
2025-10-09T03:15:00,lux_1,luminosity,0.0
2025-10-09T03:15:00,occ_1,occupancy,0.0
2025-10-09T03:30:00,temp_1,temperature,20.46
2025-10-09T03:30:00,lux_1,luminosity,6.0
2025-10-09T03:30:00,occ_1,occupancy,0.0
2025-10-09T03:45:00,temp_1,temperature,19.95
2025-10-09T03:45:00,lux_1,luminosity,4.0
2025-10-09T03:45:00,occ_1,occupancy,0.0
2025-10-09T04:00:00,temp_1,temperature,19.65
2025-10-09T04:00:00,lux_1,luminosity,5.0
2025-10-09T04:00:00,occ_1,occupancy,0.0
2025-10-09T04:15:00,temp_1,temperature,19.59
2025-10-09T04:15:00,lux_1,luminosity,4.0
2025-10-09T04:15:00,occ_1,occupancy,0.0
2025-10-09T04:30:00,temp_1,temperature,19.68
2025-10-09T04:30:00,lux_1,luminosity,6.0
2025-10-09T04:30:00,occ_1,occupancy,0.0
2025-10-09T04:45:00,temp_1,temperature,19.28
2025-10-09T04:45:00,lux_1,luminosity,8.0
2025-10-09T04:45:00,occ_1,occupancy,0.0
2025-10-09T05:00:00,temp_1,temperature,19.9
2025-10-09T05:00:00,lux_1,luminosity,4.0
2025-10-09T05:00:00,occ_1,occupancy,0.0
2025-10-09T05:15:00,temp_1,temperature,18.52
2025-10-09T05:15:00,lux_1,luminosity,4.0
2025-10-09T05:15:00,occ_1,occupancy,0.0
2025-10-09T05:30:00,temp_1,temperature,20.17
2025-10-09T05:30:00,lux_1,luminosity,0.0
2025-10-09T05:30:00,occ_1,occupancy,0.0
2025-10-09T05:45:00,temp_1,temperature,19.38
2025-10-09T05:45:00,lux_1,luminosity,3.0
2025-10-09T05:45:00,occ_1,occupancy,0.0
2025-10-09T06:00:00,temp_1,temperature,18.62
2025-10-09T06:00:00,lux_1,luminosity,334.0
2025-10-09T06:00:00,occ_1,occupancy,0.0
2025-10-09T06:15:00,temp_1,temperature,19.05
2025-10-09T06:15:00,lux_1,luminosity,206.0
2025-10-09T06:15:00,occ_1,occupancy,0.0
2025-10-09T06:30:00,temp_1,temperature,18.82
2025-10-09T06:30:00,lux_1,luminosity,139.0
2025-10-09T06:30:00,occ_1,occupancy,0.0
2025-10-09T06:45:00,temp_1,temperature,18.55
2025-10-09T06:45:00,lux_1,luminosity,340.0
2025-10-09T06:45:00,occ_1,occupancy,0.0
2025-10-09T07:00:00,temp_1,temperature,22.01
2025-10-09T07:00:00,lux_1,luminosity,329.0
2025-10-09T07:00:00,occ_1,occupancy,0.0
2025-10-09T07:15:00,temp_1,temperature,23.45
2025-10-09T07:15:00,lux_1,luminosity,100.0
2025-10-09T07:15:00,occ_1,occupancy,1.0
2025-10-09T07:30:00,temp_1,temperature,23.82
2025-10-09T07:30:00,lux_1,luminosity,185.0
2025-10-09T07:30:00,occ_1,occupancy,0.0
2025-10-09T07:45:00,temp_1,temperature,23.5
2025-10-09T07:45:00,lux_1,luminosity,145.0
2025-10-09T07:45:00,occ_1,occupancy,0.0
2025-10-09T08:00:00,temp_1,temperature,23.55
2025-10-09T08:00:00,lux_1,luminosity,515.0
2025-10-09T08:00:00,occ_1,occupancy,1.0
2025-10-09T08:15:00,temp_1,temperature,23.46
2025-10-09T08:15:00,lux_1,luminosity,292.0
2025-10-09T08:15:00,occ_1,occupancy,1.0
2025-10-09T08:30:00,temp_1,temperature,24.15
2025-10-09T08:30:00,lux_1,luminosity,253.0
2025-10-09T08:30:00,occ_1,occupancy,1.0
2025-10-09T08:45:00,temp_1,temperature,23.95
2025-10-09T08:45:00,lux_1,luminosity,239.0
2025-10-09T08:45:00,occ_1,occupancy,0.0
2025-10-09T09:00:00,temp_1,temperature,25.34
2025-10-09T09:00:00,lux_1,luminosity,588.0
2025-10-09T09:00:00,occ_1,occupancy,1.0
2025-10-09T09:15:00,temp_1,temperature,23.68
2025-10-09T09:15:00,lux_1,luminosity,318.0
2025-10-09T09:15:00,occ_1,occupancy,1.0
2025-10-09T09:30:00,temp_1,temperature,23.05
2025-10-09T09:30:00,lux_1,luminosity,499.0
2025-10-09T09:30:00,occ_1,occupancy,1.0
2025-10-09T09:45:00,temp_1,temperature,24.93
2025-10-09T09:45:00,lux_1,luminosity,405.0
2025-10-09T09:45:00,occ_1,occupancy,0.0
2025-10-09T10:00:00,temp_1,temperature,24.31
2025-10-09T10:00:00,lux_1,luminosity,566.0
2025-10-09T10:00:00,occ_1,occupancy,0.0
2025-10-09T10:15:00,temp_1,temperature,24.55
2025-10-09T10:15:00,lux_1,luminosity,702.0
2025-10-09T10:15:00,occ_1,occupancy,1.0
2025-10-09T10:30:00,temp_1,temperature,24.16
2025-10-09T10:30:00,lux_1,luminosity,652.0
2025-10-09T10:30:00,occ_1,occupancy,1.0
2025-10-09T10:45:00,temp_1,temperature,24.01
2025-10-09T10:45:00,lux_1,luminosity,626.0
2025-10-09T10:45:00,occ_1,occupancy,0.0
2025-10-09T11:00:00,temp_1,temperature,25.09
2025-10-09T11:00:00,lux_1,luminosity,650.0
2025-10-09T11:00:00,occ_1,occupancy,0.0
2025-10-09T11:15:00,temp_1,temperature,25.29
2025-10-09T11:15:00,lux_1,luminosity,732.0
2025-10-09T11:15:00,occ_1,occupancy,0.0
2025-10-09T11:30:00,temp_1,temperature,25.4
2025-10-09T11:30:00,lux_1,luminosity,755.0
2025-10-09T11:30:00,occ_1,occupancy,1.0
2025-10-09T11:45:00,temp_1,temperature,25.79
2025-10-09T11:45:00,lux_1,luminosity,633.0
2025-10-09T11:45:00,occ_1,occupancy,1.0
2025-10-09T12:00:00,temp_1,temperature,24.85
2025-10-09T12:00:00,lux_1,luminosity,655.0
2025-10-09T12:00:00,occ_1,occupancy,1.0
2025-10-09T12:15:00,temp_1,temperature,24.93
2025-10-09T12:15:00,lux_1,luminosity,834.0
2025-10-09T12:15:00,occ_1,occupancy,1.0
2025-10-09T12:30:00,temp_1,temperature,25.65
2025-10-09T12:30:00,lux_1,luminosity,828.0
2025-10-09T12:30:00,occ_1,occupancy,0.0
2025-10-09T12:45:00,temp_1,temperature,25.97
2025-10-09T12:45:00,lux_1,luminosity,771.0
2025-10-09T12:45:00,occ_1,occupancy,0.0
2025-10-09T13:00:00,temp_1,temperature,24.84
2025-10-09T13:00:00,lux_1,luminosity,750.0
2025-10-09T13:00:00,occ_1,occupancy,0.0
2025-10-09T13:15:00,temp_1,temperature,24.83
2025-10-09T13:15:00,lux_1,luminosity,836.0
2025-10-09T13:15:00,occ_1,occupancy,1.0
2025-10-09T13:30:00,temp_1,temperature,24.69
2025-10-09T13:30:00,lux_1,luminosity,765.0
2025-10-09T13:30:00,occ_1,occupancy,1.0
2025-10-09T13:45:00,temp_1,temperature,25.49
2025-10-09T13:45:00,lux_1,luminosity,691.0
2025-10-09T13:45:00,occ_1,occupancy,0.0
2025-10-09T14:00:00,temp_1,temperature,24.47
2025-10-09T14:00:00,lux_1,luminosity,810.0
2025-10-09T14:00:00,occ_1,occupancy,0.0
2025-10-09T14:15:00,temp_1,temperature,24.7
2025-10-09T14:15:00,lux_1,luminosity,763.0
2025-10-09T14:15:00,occ_1,occupancy,1.0
2025-10-09T14:30:00,temp_1,temperature,24.91
2025-10-09T14:30:00,lux_1,luminosity,732.0
2025-10-09T14:30:00,occ_1,occupancy,1.0
2025-10-09T14:45:00,temp_1,temperature,24.18
2025-10-09T14:45:00,lux_1,luminosity,730.0
2025-10-09T14:45:00,occ_1,occupancy,0.0
2025-10-09T15:00:00,temp_1,temperature,24.22
2025-10-09T15:00:00,lux_1,luminosity,603.0
2025-10-09T15:00:00,occ_1,occupancy,1.0
2025-10-09T15:15:00,temp_1,temperature,24.43
2025-10-09T15:15:00,lux_1,luminosity,808.0
2025-10-09T15:15:00,occ_1,occupancy,1.0
2025-10-09T15:30:00,temp_1,temperature,24.67
2025-10-09T15:30:00,lux_1,luminosity,584.0
2025-10-09T15:30:00,occ_1,occupancy,1.0
2025-10-09T15:45:00,temp_1,temperature,23.89
2025-10-09T15:45:00,lux_1,luminosity,749.0
2025-10-09T15:45:00,occ_1,occupancy,0.0
2025-10-09T16:00:00,temp_1,temperature,24.8
2025-10-09T16:00:00,lux_1,luminosity,687.0
2025-10-09T16:00:00,occ_1,occupancy,1.0
2025-10-09T16:15:00,temp_1,temperature,23.64
2025-10-09T16:15:00,lux_1,luminosity,543.0
2025-10-09T16:15:00,occ_1,occupancy,1.0
2025-10-09T16:30:00,temp_1,temperature,24.31
2025-10-09T16:30:00,lux_1,luminosity,574.0
2025-10-09T16:30:00,occ_1,occupancy,1.0
2025-10-09T16:45:00,temp_1,temperature,24.97
2025-10-09T16:45:00,lux_1,luminosity,427.0
2025-10-09T16:45:00,occ_1,occupancy,0.0
2025-10-09T17:00:00,temp_1,temperature,23.48
2025-10-09T17:00:00,lux_1,luminosity,427.0
2025-10-09T17:00:00,occ_1,occupancy,0.0
2025-10-09T17:15:00,temp_1,temperature,24.99
2025-10-09T17:15:00,lux_1,luminosity,541.0
2025-10-09T17:15:00,occ_1,occupancy,0.0
2025-10-09T17:30:00,temp_1,temperature,23.58
2025-10-09T17:30:00,lux_1,luminosity,509.0
2025-10-09T17:30:00,occ_1,occupancy,0.0
2025-10-09T17:45:00,temp_1,temperature,23.13
2025-10-09T17:45:00,lux_1,luminosity,290.0
2025-10-09T17:45:00,occ_1,occupancy,1.0
2025-10-09T18:00:00,temp_1,temperature,23.93
2025-10-09T18:00:00,lux_1,luminosity,254.0
2025-10-09T18:00:00,occ_1,occupancy,0.0
2025-10-09T18:15:00,temp_1,temperature,22.29
2025-10-09T18:15:00,lux_1,luminosity,192.0
2025-10-09T18:15:00,occ_1,occupancy,0.0
2025-10-09T18:30:00,temp_1,temperature,24.14
2025-10-09T18:30:00,lux_1,luminosity,119.0
2025-10-09T18:30:00,occ_1,occupancy,0.0
2025-10-09T18:45:00,temp_1,temperature,23.67
2025-10-09T18:45:00,lux_1,luminosity,207.0
2025-10-09T18:45:00,occ_1,occupancy,0.0
2025-10-09T19:00:00,temp_1,temperature,18.99
2025-10-09T19:00:00,lux_1,luminosity,3.0
2025-10-09T19:00:00,occ_1,occupancy,0.0
2025-10-09T19:15:00,temp_1,temperature,19.41
2025-10-09T19:15:00,lux_1,luminosity,5.0
2025-10-09T19:15:00,occ_1,occupancy,1.0
2025-10-09T19:30:00,temp_1,temperature,19.24
2025-10-09T19:30:00,lux_1,luminosity,0.0
2025-10-09T19:30:00,occ_1,occupancy,1.0
2025-10-09T19:45:00,temp_1,temperature,20.34
2025-10-09T19:45:00,lux_1,luminosity,8.0
2025-10-09T19:45:00,occ_1,occupancy,0.0
2025-10-09T20:00:00,temp_1,temperature,20.05
2025-10-09T20:00:00,lux_1,luminosity,5.0
2025-10-09T20:00:00,occ_1,occupancy,0.0
2025-10-09T20:15:00,temp_1,temperature,19.36
2025-10-09T20:15:00,lux_1,luminosity,4.0
2025-10-09T20:15:00,occ_1,occupancy,0.0
2025-10-09T20:30:00,temp_1,temperature,19.74
2025-10-09T20:30:00,lux_1,luminosity,3.0
2025-10-09T20:30:00,occ_1,occupancy,0.0
2025-10-09T20:45:00,temp_1,temperature,18.96
2025-10-09T20:45:00,lux_1,luminosity,3.0
2025-10-09T20:45:00,occ_1,occupancy,0.0
2025-10-09T21:00:00,temp_1,temperature,20.49
2025-10-09T21:00:00,lux_1,luminosity,4.0
2025-10-09T21:00:00,occ_1,occupancy,0.0
2025-10-09T21:15:00,temp_1,temperature,21.71
2025-10-09T21:15:00,lux_1,luminosity,3.0
2025-10-09T21:15:00,occ_1,occupancy,0.0
2025-10-09T21:30:00,temp_1,temperature,20.93
2025-10-09T21:30:00,lux_1,luminosity,2.0
2025-10-09T21:30:00,occ_1,occupancy,0.0
2025-10-09T21:45:00,temp_1,temperature,20.37
2025-10-09T21:45:00,lux_1,luminosity,1.0
2025-10-09T21:45:00,occ_1,occupancy,0.0
2025-10-09T22:00:00,temp_1,temperature,20.93
2025-10-09T22:00:00,lux_1,luminosity,5.0
2025-10-09T22:00:00,occ_1,occupancy,1.0
2025-10-09T22:15:00,temp_1,temperature,20.16
2025-10-09T22:15:00,lux_1,luminosity,4.0
2025-10-09T22:15:00,occ_1,occupancy,0.0
2025-10-09T22:30:00,temp_1,temperature,20.05
2025-10-09T22:30:00,lux_1,luminosity,3.0
2025-10-09T22:30:00,occ_1,occupancy,0.0
2025-10-09T22:45:00,temp_1,temperature,20.2
2025-10-09T22:45:00,lux_1,luminosity,4.0
2025-10-09T22:45:00,occ_1,occupancy,0.0
2025-10-09T23:00:00,temp_1,temperature,20.75
2025-10-09T23:00:00,lux_1,luminosity,8.0
2025-10-09T23:00:00,occ_1,occupancy,1.0
2025-10-09T23:15:00,temp_1,temperature,20.82
2025-10-09T23:15:00,lux_1,luminosity,3.0
2025-10-09T23:15:00,occ_1,occupancy,0.0
2025-10-09T23:30:00,temp_1,temperature,19.7
2025-10-09T23:30:00,lux_1,luminosity,4.0
2025-10-09T23:30:00,occ_1,occupancy,0.0
2025-10-09T23:45:00,temp_1,temperature,21.15
2025-10-09T23:45:00,lux_1,luminosity,4.0
2025-10-09T23:45:00,occ_1,occupancy,0.0
2025-10-10T00:00:00,temp_1,temperature,21.37
2025-10-10T00:00:00,lux_1,luminosity,3.0
2025-10-10T00:00:00,occ_1,occupancy,0.0
2025-10-10T00:15:00,temp_1,temperature,21.11
2025-10-10T00:15:00,lux_1,luminosity,6.0
2025-10-10T00:15:00,occ_1,occupancy,0.0
2025-10-10T00:30:00,temp_1,temperature,20.17
2025-10-10T00:30:00,lux_1,luminosity,8.0
2025-10-10T00:30:00,occ_1,occupancy,0.0
2025-10-10T00:45:00,temp_1,temperature,19.63
2025-10-10T00:45:00,lux_1,luminosity,5.0
2025-10-10T00:45:00,occ_1,occupancy,0.0
2025-10-10T01:00:00,temp_1,temperature,20.79
2025-10-10T01:00:00,lux_1,luminosity,5.0
2025-10-10T01:00:00,occ_1,occupancy,0.0
2025-10-10T01:15:00,temp_1,temperature,19.35
2025-10-10T01:15:00,lux_1,luminosity,6.0
2025-10-10T01:15:00,occ_1,occupancy,0.0
2025-10-10T01:30:00,temp_1,temperature,19.98
2025-10-10T01:30:00,lux_1,luminosity,6.0
2025-10-10T01:30:00,occ_1,occupancy,0.0
2025-10-10T01:45:00,temp_1,temperature,19.84
2025-10-10T01:45:00,lux_1,luminosity,5.0
2025-10-10T01:45:00,occ_1,occupancy,0.0
2025-10-10T02:00:00,temp_1,temperature,20.47
2025-10-10T02:00:00,lux_1,luminosity,8.0
2025-10-10T02:00:00,occ_1,occupancy,0.0
2025-10-10T02:15:00,temp_1,temperature,21.89
2025-10-10T02:15:00,lux_1,luminosity,3.0
2025-10-10T02:15:00,occ_1,occupancy,0.0
2025-10-10T02:30:00,temp_1,temperature,20.21
2025-10-10T02:30:00,lux_1,luminosity,5.0
2025-10-10T02:30:00,occ_1,occupancy,0.0
2025-10-10T02:45:00,temp_1,temperature,19.68
2025-10-10T02:45:00,lux_1,luminosity,5.0
2025-10-10T02:45:00,occ_1,occupancy,0.0
2025-10-10T03:00:00,temp_1,temperature,20.27
2025-10-10T03:00:00,lux_1,luminosity,3.0
2025-10-10T03:00:00,occ_1,occupancy,0.0
2025-10-10T03:15:00,temp_1,temperature,20.29
2025-10-10T03:15:00,lux_1,luminosity,4.0
2025-10-10T03:15:00,occ_1,occupancy,0.0
2025-10-10T03:30:00,temp_1,temperature,20.04
2025-10-10T03:30:00,lux_1,luminosity,2.0
2025-10-10T03:30:00,occ_1,occupancy,0.0
2025-10-10T03:45:00,temp_1,temperature,19.24
2025-10-10T03:45:00,lux_1,luminosity,0.0
2025-10-10T03:45:00,occ_1,occupancy,0.0
2025-10-10T04:00:00,temp_1,temperature,19.69
2025-10-10T04:00:00,lux_1,luminosity,6.0
2025-10-10T04:00:00,occ_1,occupancy,1.0
2025-10-10T04:15:00,temp_1,temperature,19.89
2025-10-10T04:15:00,lux_1,luminosity,6.0
2025-10-10T04:15:00,occ_1,occupancy,0.0
2025-10-10T04:30:00,temp_1,temperature,19.3
2025-10-10T04:30:00,lux_1,luminosity,8.0
2025-10-10T04:30:00,occ_1,occupancy,0.0
2025-10-10T04:45:00,temp_1,temperature,19.3
2025-10-10T04:45:00,lux_1,luminosity,5.0
2025-10-10T04:45:00,occ_1,occupancy,0.0
2025-10-10T05:00:00,temp_1,temperature,20.21
2025-10-10T05:00:00,lux_1,luminosity,5.0
2025-10-10T05:00:00,occ_1,occupancy,0.0
2025-10-10T05:15:00,temp_1,temperature,19.45
2025-10-10T05:15:00,lux_1,luminosity,6.0
2025-10-10T05:15:00,occ_1,occupancy,0.0
2025-10-10T05:30:00,temp_1,temperature,20.04
2025-10-10T05:30:00,lux_1,luminosity,3.0
2025-10-10T05:30:00,occ_1,occupancy,0.0
2025-10-10T05:45:00,temp_1,temperature,19.67
2025-10-10T05:45:00,lux_1,luminosity,4.0
2025-10-10T05:45:00,occ_1,occupancy,0.0
2025-10-10T06:00:00,temp_1,temperature,20.06
2025-10-10T06:00:00,lux_1,luminosity,172.0
2025-10-10T06:00:00,occ_1,occupancy,0.0
2025-10-10T06:15:00,temp_1,temperature,18.85
2025-10-10T06:15:00,lux_1,luminosity,155.0
2025-10-10T06:15:00,occ_1,occupancy,0.0
2025-10-10T06:30:00,temp_1,temperature,19.06
2025-10-10T06:30:00,lux_1,luminosity,145.0
2025-10-10T06:30:00,occ_1,occupancy,0.0
2025-10-10T06:45:00,temp_1,temperature,18.59
2025-10-10T06:45:00,lux_1,luminosity,317.0
2025-10-10T06:45:00,occ_1,occupancy,0.0
2025-10-10T07:00:00,temp_1,temperature,22.94
2025-10-10T07:00:00,lux_1,luminosity,175.0
2025-10-10T07:00:00,occ_1,occupancy,0.0
2025-10-10T07:15:00,temp_1,temperature,22.35
2025-10-10T07:15:00,lux_1,luminosity,100.0
2025-10-10T07:15:00,occ_1,occupancy,0.0
2025-10-10T07:30:00,temp_1,temperature,22.41
2025-10-10T07:30:00,lux_1,luminosity,301.0
2025-10-10T07:30:00,occ_1,occupancy,0.0
2025-10-10T07:45:00,temp_1,temperature,23.28
2025-10-10T07:45:00,lux_1,luminosity,254.0
2025-10-10T07:45:00,occ_1,occupancy,1.0
2025-10-10T08:00:00,temp_1,temperature,23.65
2025-10-10T08:00:00,lux_1,luminosity,336.0
2025-10-10T08:00:00,occ_1,occupancy,1.0
2025-10-10T08:15:00,temp_1,temperature,22.95
2025-10-10T08:15:00,lux_1,luminosity,426.0
2025-10-10T08:15:00,occ_1,occupancy,1.0
2025-10-10T08:30:00,temp_1,temperature,22.66
2025-10-10T08:30:00,lux_1,luminosity,487.0
2025-10-10T08:30:00,occ_1,occupancy,1.0
2025-10-10T08:45:00,temp_1,temperature,23.17
2025-10-10T08:45:00,lux_1,luminosity,353.0
2025-10-10T08:45:00,occ_1,occupancy,1.0
2025-10-10T09:00:00,temp_1,temperature,24.12
2025-10-10T09:00:00,lux_1,luminosity,558.0
2025-10-10T09:00:00,occ_1,occupancy,1.0
2025-10-10T09:15:00,temp_1,temperature,22.9
2025-10-10T09:15:00,lux_1,luminosity,476.0
2025-10-10T09:15:00,occ_1,occupancy,0.0
2025-10-10T09:30:00,temp_1,temperature,24.23
2025-10-10T09:30:00,lux_1,luminosity,475.0
2025-10-10T09:30:00,occ_1,occupancy,1.0
2025-10-10T09:45:00,temp_1,temperature,23.44
2025-10-10T09:45:00,lux_1,luminosity,446.0
2025-10-10T09:45:00,occ_1,occupancy,1.0
2025-10-10T10:00:00,temp_1,temperature,24.51
2025-10-10T10:00:00,lux_1,luminosity,753.0
2025-10-10T10:00:00,occ_1,occupancy,0.0
2025-10-10T10:15:00,temp_1,temperature,24.21
2025-10-10T10:15:00,lux_1,luminosity,494.0
2025-10-10T10:15:00,occ_1,occupancy,0.0
2025-10-10T10:30:00,temp_1,temperature,24.44
2025-10-10T10:30:00,lux_1,luminosity,474.0
2025-10-10T10:30:00,occ_1,occupancy,0.0
2025-10-10T10:45:00,temp_1,temperature,24.93
2025-10-10T10:45:00,lux_1,luminosity,734.0
2025-10-10T10:45:00,occ_1,occupancy,1.0
2025-10-10T11:00:00,temp_1,temperature,24.79
2025-10-10T11:00:00,lux_1,luminosity,703.0
2025-10-10T11:00:00,occ_1,occupancy,1.0
2025-10-10T11:15:00,temp_1,temperature,26.35
2025-10-10T11:15:00,lux_1,luminosity,774.0
2025-10-10T11:15:00,occ_1,occupancy,0.0
2025-10-10T11:30:00,temp_1,temperature,24.36
2025-10-10T11:30:00,lux_1,luminosity,647.0
2025-10-10T11:30:00,occ_1,occupancy,0.0
2025-10-10T11:45:00,temp_1,temperature,25.44
2025-10-10T11:45:00,lux_1,luminosity,828.0
2025-10-10T11:45:00,occ_1,occupancy,1.0
2025-10-10T12:00:00,temp_1,temperature,24.66
2025-10-10T12:00:00,lux_1,luminosity,912.0
2025-10-10T12:00:00,occ_1,occupancy,0.0
2025-10-10T12:15:00,temp_1,temperature,25.54
2025-10-10T12:15:00,lux_1,luminosity,607.0
2025-10-10T12:15:00,occ_1,occupancy,0.0
2025-10-10T12:30:00,temp_1,temperature,24.53
2025-10-10T12:30:00,lux_1,luminosity,784.0
2025-10-10T12:30:00,occ_1,occupancy,0.0
2025-10-10T12:45:00,temp_1,temperature,24.19
2025-10-10T12:45:00,lux_1,luminosity,803.0
2025-10-10T12:45:00,occ_1,occupancy,0.0
2025-10-10T13:00:00,temp_1,temperature,24.59
2025-10-10T13:00:00,lux_1,luminosity,873.0
2025-10-10T13:00:00,occ_1,occupancy,1.0
2025-10-10T13:15:00,temp_1,temperature,25.68
2025-10-10T13:15:00,lux_1,luminosity,818.0
2025-10-10T13:15:00,occ_1,occupancy,0.0
2025-10-10T13:30:00,temp_1,temperature,25.23
2025-10-10T13:30:00,lux_1,luminosity,1024.0
2025-10-10T13:30:00,occ_1,occupancy,1.0
2025-10-10T13:45:00,temp_1,temperature,24.44
2025-10-10T13:45:00,lux_1,luminosity,730.0
2025-10-10T13:45:00,occ_1,occupancy,0.0
2025-10-10T14:00:00,temp_1,temperature,25.2
2025-10-10T14:00:00,lux_1,luminosity,711.0
2025-10-10T14:00:00,occ_1,occupancy,0.0
2025-10-10T14:15:00,temp_1,temperature,25.73
2025-10-10T14:15:00,lux_1,luminosity,635.0
2025-10-10T14:15:00,occ_1,occupancy,0.0
2025-10-10T14:30:00,temp_1,temperature,25.88
2025-10-10T14:30:00,lux_1,luminosity,793.0
2025-10-10T14:30:00,occ_1,occupancy,1.0
2025-10-10T14:45:00,temp_1,temperature,25.76
2025-10-10T14:45:00,lux_1,luminosity,806.0
2025-10-10T14:45:00,occ_1,occupancy,0.0
2025-10-10T15:00:00,temp_1,temperature,24.52
2025-10-10T15:00:00,lux_1,luminosity,722.0
2025-10-10T15:00:00,occ_1,occupancy,1.0
2025-10-10T15:15:00,temp_1,temperature,25.28
2025-10-10T15:15:00,lux_1,luminosity,676.0
2025-10-10T15:15:00,occ_1,occupancy,0.0
2025-10-10T15:30:00,temp_1,temperature,24.21
2025-10-10T15:30:00,lux_1,luminosity,548.0
2025-10-10T15:30:00,occ_1,occupancy,1.0
2025-10-10T15:45:00,temp_1,temperature,25.09
2025-10-10T15:45:00,lux_1,luminosity,724.0
2025-10-10T15:45:00,occ_1,occupancy,1.0
2025-10-10T16:00:00,temp_1,temperature,23.61
2025-10-10T16:00:00,lux_1,luminosity,576.0
2025-10-10T16:00:00,occ_1,occupancy,1.0
2025-10-10T16:15:00,temp_1,temperature,23.82
2025-10-10T16:15:00,lux_1,luminosity,497.0
2025-10-10T16:15:00,occ_1,occupancy,0.0
2025-10-10T16:30:00,temp_1,temperature,25.51
2025-10-10T16:30:00,lux_1,luminosity,602.0
2025-10-10T16:30:00,occ_1,occupancy,1.0
2025-10-10T16:45:00,temp_1,temperature,23.88
2025-10-10T16:45:00,lux_1,luminosity,421.0
2025-10-10T16:45:00,occ_1,occupancy,1.0
2025-10-10T17:00:00,temp_1,temperature,23.31
2025-10-10T17:00:00,lux_1,luminosity,320.0
2025-10-10T17:00:00,occ_1,occupancy,0.0
2025-10-10T17:15:00,temp_1,temperature,24.67
2025-10-10T17:15:00,lux_1,luminosity,394.0
2025-10-10T17:15:00,occ_1,occupancy,1.0
2025-10-10T17:30:00,temp_1,temperature,24.06
2025-10-10T17:30:00,lux_1,luminosity,347.0
2025-10-10T17:30:00,occ_1,occupancy,1.0
2025-10-10T17:45:00,temp_1,temperature,23.14
2025-10-10T17:45:00,lux_1,luminosity,274.0
2025-10-10T17:45:00,occ_1,occupancy,0.0
2025-10-10T18:00:00,temp_1,temperature,24.0
2025-10-10T18:00:00,lux_1,luminosity,127.0
2025-10-10T18:00:00,occ_1,occupancy,1.0
2025-10-10T18:15:00,temp_1,temperature,22.97
2025-10-10T18:15:00,lux_1,luminosity,299.0
2025-10-10T18:15:00,occ_1,occupancy,0.0
2025-10-10T18:30:00,temp_1,temperature,23.43
2025-10-10T18:30:00,lux_1,luminosity,190.0
2025-10-10T18:30:00,occ_1,occupancy,0.0
2025-10-10T18:45:00,temp_1,temperature,23.7
2025-10-10T18:45:00,lux_1,luminosity,315.0
2025-10-10T18:45:00,occ_1,occupancy,0.0
2025-10-10T19:00:00,temp_1,temperature,18.73
2025-10-10T19:00:00,lux_1,luminosity,2.0
2025-10-10T19:00:00,occ_1,occupancy,1.0
2025-10-10T19:15:00,temp_1,temperature,19.31
2025-10-10T19:15:00,lux_1,luminosity,7.0
2025-10-10T19:15:00,occ_1,occupancy,0.0
2025-10-10T19:30:00,temp_1,temperature,20.52
2025-10-10T19:30:00,lux_1,luminosity,6.0
2025-10-10T19:30:00,occ_1,occupancy,1.0
2025-10-10T19:45:00,temp_1,temperature,19.66
2025-10-10T19:45:00,lux_1,luminosity,7.0
2025-10-10T19:45:00,occ_1,occupancy,0.0
2025-10-10T20:00:00,temp_1,temperature,19.97
2025-10-10T20:00:00,lux_1,luminosity,3.0
2025-10-10T20:00:00,occ_1,occupancy,0.0
2025-10-10T20:15:00,temp_1,temperature,18.27
2025-10-10T20:15:00,lux_1,luminosity,4.0
2025-10-10T20:15:00,occ_1,occupancy,0.0
2025-10-10T20:30:00,temp_1,temperature,18.58
2025-10-10T20:30:00,lux_1,luminosity,6.0
2025-10-10T20:30:00,occ_1,occupancy,0.0
2025-10-10T20:45:00,temp_1,temperature,21.33
2025-10-10T20:45:00,lux_1,luminosity,8.0
2025-10-10T20:45:00,occ_1,occupancy,1.0
2025-10-10T21:00:00,temp_1,temperature,20.14
2025-10-10T21:00:00,lux_1,luminosity,9.0
2025-10-10T21:00:00,occ_1,occupancy,0.0
2025-10-10T21:15:00,temp_1,temperature,19.67
2025-10-10T21:15:00,lux_1,luminosity,5.0
2025-10-10T21:15:00,occ_1,occupancy,0.0
2025-10-10T21:30:00,temp_1,temperature,19.88
2025-10-10T21:30:00,lux_1,luminosity,5.0
2025-10-10T21:30:00,occ_1,occupancy,0.0
2025-10-10T21:45:00,temp_1,temperature,19.05
2025-10-10T21:45:00,lux_1,luminosity,4.0
2025-10-10T21:45:00,occ_1,occupancy,0.0
2025-10-10T22:00:00,temp_1,temperature,20.08
2025-10-10T22:00:00,lux_1,luminosity,4.0
2025-10-10T22:00:00,occ_1,occupancy,0.0
2025-10-10T22:15:00,temp_1,temperature,21.03
2025-10-10T22:15:00,lux_1,luminosity,5.0
2025-10-10T22:15:00,occ_1,occupancy,0.0
2025-10-10T22:30:00,temp_1,temperature,20.65
2025-10-10T22:30:00,lux_1,luminosity,4.0
2025-10-10T22:30:00,occ_1,occupancy,0.0
2025-10-10T22:45:00,temp_1,temperature,20.77
2025-10-10T22:45:00,lux_1,luminosity,6.0
2025-10-10T22:45:00,occ_1,occupancy,0.0
2025-10-10T23:00:00,temp_1,temperature,21.07
2025-10-10T23:00:00,lux_1,luminosity,3.0
2025-10-10T23:00:00,occ_1,occupancy,0.0
2025-10-10T23:15:00,temp_1,temperature,20.74
2025-10-10T23:15:00,lux_1,luminosity,5.0
2025-10-10T23:15:00,occ_1,occupancy,0.0
2025-10-10T23:30:00,temp_1,temperature,20.22
2025-10-10T23:30:00,lux_1,luminosity,7.0
2025-10-10T23:30:00,occ_1,occupancy,0.0
2025-10-10T23:45:00,temp_1,temperature,20.05
2025-10-10T23:45:00,lux_1,luminosity,3.0
2025-10-10T23:45:00,occ_1,occupancy,0.0
2025-10-11T00:00:00,temp_1,temperature,20.51
2025-10-11T00:00:00,lux_1,luminosity,7.0
2025-10-11T00:00:00,occ_1,occupancy,0.0
2025-10-11T00:15:00,temp_1,temperature,20.6
2025-10-11T00:15:00,lux_1,luminosity,5.0
2025-10-11T00:15:00,occ_1,occupancy,0.0
2025-10-11T00:30:00,temp_1,temperature,19.43
2025-10-11T00:30:00,lux_1,luminosity,9.0
2025-10-11T00:30:00,occ_1,occupancy,0.0
2025-10-11T00:45:00,temp_1,temperature,21.86
2025-10-11T00:45:00,lux_1,luminosity,2.0
2025-10-11T00:45:00,occ_1,occupancy,0.0
2025-10-11T01:00:00,temp_1,temperature,20.2
2025-10-11T01:00:00,lux_1,luminosity,5.0
2025-10-11T01:00:00,occ_1,occupancy,0.0
2025-10-11T01:15:00,temp_1,temperature,20.03
2025-10-11T01:15:00,lux_1,luminosity,7.0
2025-10-11T01:15:00,occ_1,occupancy,0.0
2025-10-11T01:30:00,temp_1,temperature,21.26
2025-10-11T01:30:00,lux_1,luminosity,6.0
2025-10-11T01:30:00,occ_1,occupancy,0.0
2025-10-11T01:45:00,temp_1,temperature,19.81
2025-10-11T01:45:00,lux_1,luminosity,6.0
2025-10-11T01:45:00,occ_1,occupancy,0.0
2025-10-11T02:00:00,temp_1,temperature,20.64
2025-10-11T02:00:00,lux_1,luminosity,2.0
2025-10-11T02:00:00,occ_1,occupancy,0.0
2025-10-11T02:15:00,temp_1,temperature,18.99
2025-10-11T02:15:00,lux_1,luminosity,5.0
2025-10-11T02:15:00,occ_1,occupancy,0.0
2025-10-11T02:30:00,temp_1,temperature,21.52
2025-10-11T02:30:00,lux_1,luminosity,5.0
2025-10-11T02:30:00,occ_1,occupancy,1.0
2025-10-11T02:45:00,temp_1,temperature,21.11
2025-10-11T02:45:00,lux_1,luminosity,4.0
2025-10-11T02:45:00,occ_1,occupancy,0.0
2025-10-11T03:00:00,temp_1,temperature,19.79
2025-10-11T03:00:00,lux_1,luminosity,1.0
2025-10-11T03:00:00,occ_1,occupancy,0.0
2025-10-11T03:15:00,temp_1,temperature,19.32
2025-10-11T03:15:00,lux_1,luminosity,4.0
2025-10-11T03:15:00,occ_1,occupancy,0.0
2025-10-11T03:30:00,temp_1,temperature,20.06
2025-10-11T03:30:00,lux_1,luminosity,4.0
2025-10-11T03:30:00,occ_1,occupancy,0.0
2025-10-11T03:45:00,temp_1,temperature,19.52
2025-10-11T03:45:00,lux_1,luminosity,6.0
2025-10-11T03:45:00,occ_1,occupancy,1.0
2025-10-11T04:00:00,temp_1,temperature,19.96
2025-10-11T04:00:00,lux_1,luminosity,5.0
2025-10-11T04:00:00,occ_1,occupancy,0.0
2025-10-11T04:15:00,temp_1,temperature,19.46
2025-10-11T04:15:00,lux_1,luminosity,7.0
2025-10-11T04:15:00,occ_1,occupancy,0.0
2025-10-11T04:30:00,temp_1,temperature,19.13
2025-10-11T04:30:00,lux_1,luminosity,3.0
2025-10-11T04:30:00,occ_1,occupancy,0.0
2025-10-11T04:45:00,temp_1,temperature,20.27
2025-10-11T04:45:00,lux_1,luminosity,6.0
2025-10-11T04:45:00,occ_1,occupancy,0.0
2025-10-11T05:00:00,temp_1,temperature,21.19
2025-10-11T05:00:00,lux_1,luminosity,4.0
2025-10-11T05:00:00,occ_1,occupancy,0.0
2025-10-11T05:15:00,temp_1,temperature,18.9
2025-10-11T05:15:00,lux_1,luminosity,4.0
2025-10-11T05:15:00,occ_1,occupancy,0.0
2025-10-11T05:30:00,temp_1,temperature,19.45
2025-10-11T05:30:00,lux_1,luminosity,6.0
2025-10-11T05:30:00,occ_1,occupancy,0.0
2025-10-11T05:45:00,temp_1,temperature,20.23
2025-10-11T05:45:00,lux_1,luminosity,3.0
2025-10-11T05:45:00,occ_1,occupancy,0.0
2025-10-11T06:00:00,temp_1,temperature,18.98
2025-10-11T06:00:00,lux_1,luminosity,222.0
2025-10-11T06:00:00,occ_1,occupancy,0.0
2025-10-11T06:15:00,temp_1,temperature,18.56
2025-10-11T06:15:00,lux_1,luminosity,100.0
2025-10-11T06:15:00,occ_1,occupancy,0.0
2025-10-11T06:30:00,temp_1,temperature,18.92
2025-10-11T06:30:00,lux_1,luminosity,239.0
2025-10-11T06:30:00,occ_1,occupancy,0.0
2025-10-11T06:45:00,temp_1,temperature,18.46
2025-10-11T06:45:00,lux_1,luminosity,254.0
2025-10-11T06:45:00,occ_1,occupancy,0.0
2025-10-11T07:00:00,temp_1,temperature,23.87
2025-10-11T07:00:00,lux_1,luminosity,208.0
2025-10-11T07:00:00,occ_1,occupancy,0.0
2025-10-11T07:15:00,temp_1,temperature,22.64
2025-10-11T07:15:00,lux_1,luminosity,183.0
2025-10-11T07:15:00,occ_1,occupancy,0.0
2025-10-11T07:30:00,temp_1,temperature,23.12
2025-10-11T07:30:00,lux_1,luminosity,240.0
2025-10-11T07:30:00,occ_1,occupancy,0.0
2025-10-11T07:45:00,temp_1,temperature,22.83
2025-10-11T07:45:00,lux_1,luminosity,266.0
2025-10-11T07:45:00,occ_1,occupancy,0.0
2025-10-11T08:00:00,temp_1,temperature,23.82
2025-10-11T08:00:00,lux_1,luminosity,272.0
2025-10-11T08:00:00,occ_1,occupancy,0.0
2025-10-11T08:15:00,temp_1,temperature,23.32
2025-10-11T08:15:00,lux_1,luminosity,464.0
2025-10-11T08:15:00,occ_1,occupancy,0.0
2025-10-11T08:30:00,temp_1,temperature,23.01
2025-10-11T08:30:00,lux_1,luminosity,407.0
2025-10-11T08:30:00,occ_1,occupancy,0.0
2025-10-11T08:45:00,temp_1,temperature,23.31
2025-10-11T08:45:00,lux_1,luminosity,235.0
2025-10-11T08:45:00,occ_1,occupancy,0.0
2025-10-11T09:00:00,temp_1,temperature,24.45
2025-10-11T09:00:00,lux_1,luminosity,466.0
2025-10-11T09:00:00,occ_1,occupancy,0.0
2025-10-11T09:15:00,temp_1,temperature,23.42
2025-10-11T09:15:00,lux_1,luminosity,463.0
2025-10-11T09:15:00,occ_1,occupancy,0.0
2025-10-11T09:30:00,temp_1,temperature,23.89
2025-10-11T09:30:00,lux_1,luminosity,544.0
2025-10-11T09:30:00,occ_1,occupancy,0.0
2025-10-11T09:45:00,temp_1,temperature,23.46
2025-10-11T09:45:00,lux_1,luminosity,596.0
2025-10-11T09:45:00,occ_1,occupancy,0.0
2025-10-11T10:00:00,temp_1,temperature,24.35
2025-10-11T10:00:00,lux_1,luminosity,731.0
2025-10-11T10:00:00,occ_1,occupancy,0.0
2025-10-11T10:15:00,temp_1,temperature,25.05
2025-10-11T10:15:00,lux_1,luminosity,652.0
2025-10-11T10:15:00,occ_1,occupancy,0.0
2025-10-11T10:30:00,temp_1,temperature,24.62
2025-10-11T10:30:00,lux_1,luminosity,650.0
2025-10-11T10:30:00,occ_1,occupancy,0.0
2025-10-11T10:45:00,temp_1,temperature,23.91
2025-10-11T10:45:00,lux_1,luminosity,718.0
2025-10-11T10:45:00,occ_1,occupancy,0.0
2025-10-11T11:00:00,temp_1,temperature,24.46
2025-10-11T11:00:00,lux_1,luminosity,654.0
2025-10-11T11:00:00,occ_1,occupancy,1.0
2025-10-11T11:15:00,temp_1,temperature,24.55
2025-10-11T11:15:00,lux_1,luminosity,750.0
2025-10-11T11:15:00,occ_1,occupancy,1.0
2025-10-11T11:30:00,temp_1,temperature,25.5
2025-10-11T11:30:00,lux_1,luminosity,808.0
2025-10-11T11:30:00,occ_1,occupancy,0.0
2025-10-11T11:45:00,temp_1,temperature,25.41
2025-10-11T11:45:00,lux_1,luminosity,771.0
2025-10-11T11:45:00,occ_1,occupancy,0.0
2025-10-11T12:00:00,temp_1,temperature,24.71
2025-10-11T12:00:00,lux_1,luminosity,807.0
2025-10-11T12:00:00,occ_1,occupancy,0.0
2025-10-11T12:15:00,temp_1,temperature,25.04
2025-10-11T12:15:00,lux_1,luminosity,876.0
2025-10-11T12:15:00,occ_1,occupancy,0.0
2025-10-11T12:30:00,temp_1,temperature,25.83
2025-10-11T12:30:00,lux_1,luminosity,679.0
2025-10-11T12:30:00,occ_1,occupancy,0.0
2025-10-11T12:45:00,temp_1,temperature,24.41
2025-10-11T12:45:00,lux_1,luminosity,868.0
2025-10-11T12:45:00,occ_1,occupancy,0.0
2025-10-11T13:00:00,temp_1,temperature,24.94
2025-10-11T13:00:00,lux_1,luminosity,675.0
2025-10-11T13:00:00,occ_1,occupancy,0.0
2025-10-11T13:15:00,temp_1,temperature,25.56
2025-10-11T13:15:00,lux_1,luminosity,667.0
2025-10-11T13:15:00,occ_1,occupancy,1.0
2025-10-11T13:30:00,temp_1,temperature,25.29
2025-10-11T13:30:00,lux_1,luminosity,873.0
2025-10-11T13:30:00,occ_1,occupancy,0.0
2025-10-11T13:45:00,temp_1,temperature,24.54
2025-10-11T13:45:00,lux_1,luminosity,734.0
2025-10-11T13:45:00,occ_1,occupancy,0.0
2025-10-11T14:00:00,temp_1,temperature,25.63
2025-10-11T14:00:00,lux_1,luminosity,708.0
2025-10-11T14:00:00,occ_1,occupancy,0.0
2025-10-11T14:15:00,temp_1,temperature,25.22
2025-10-11T14:15:00,lux_1,luminosity,655.0
2025-10-11T14:15:00,occ_1,occupancy,0.0
2025-10-11T14:30:00,temp_1,temperature,23.86
2025-10-11T14:30:00,lux_1,luminosity,713.0
2025-10-11T14:30:00,occ_1,occupancy,0.0
2025-10-11T14:45:00,temp_1,temperature,25.4
2025-10-11T14:45:00,lux_1,luminosity,686.0
2025-10-11T14:45:00,occ_1,occupancy,0.0
2025-10-11T15:00:00,temp_1,temperature,23.7
2025-10-11T15:00:00,lux_1,luminosity,636.0
2025-10-11T15:00:00,occ_1,occupancy,0.0
2025-10-11T15:15:00,temp_1,temperature,24.38
2025-10-11T15:15:00,lux_1,luminosity,709.0
2025-10-11T15:15:00,occ_1,occupancy,0.0
2025-10-11T15:30:00,temp_1,temperature,24.09
2025-10-11T15:30:00,lux_1,luminosity,632.0
2025-10-11T15:30:00,occ_1,occupancy,0.0
2025-10-11T15:45:00,temp_1,temperature,25.18
2025-10-11T15:45:00,lux_1,luminosity,580.0
2025-10-11T15:45:00,occ_1,occupancy,0.0
2025-10-11T16:00:00,temp_1,temperature,24.13
2025-10-11T16:00:00,lux_1,luminosity,646.0
2025-10-11T16:00:00,occ_1,occupancy,0.0
2025-10-11T16:15:00,temp_1,temperature,24.56
2025-10-11T16:15:00,lux_1,luminosity,636.0
2025-10-11T16:15:00,occ_1,occupancy,0.0
2025-10-11T16:30:00,temp_1,temperature,24.86
2025-10-11T16:30:00,lux_1,luminosity,566.0
2025-10-11T16:30:00,occ_1,occupancy,0.0
2025-10-11T16:45:00,temp_1,temperature,24.33
2025-10-11T16:45:00,lux_1,luminosity,492.0
2025-10-11T16:45:00,occ_1,occupancy,0.0
2025-10-11T17:00:00,temp_1,temperature,23.84
2025-10-11T17:00:00,lux_1,luminosity,377.0
2025-10-11T17:00:00,occ_1,occupancy,0.0
2025-10-11T17:15:00,temp_1,temperature,24.3
2025-10-11T17:15:00,lux_1,luminosity,298.0
2025-10-11T17:15:00,occ_1,occupancy,0.0
2025-10-11T17:30:00,temp_1,temperature,23.55
2025-10-11T17:30:00,lux_1,luminosity,356.0
2025-10-11T17:30:00,occ_1,occupancy,0.0
2025-10-11T17:45:00,temp_1,temperature,24.57
2025-10-11T17:45:00,lux_1,luminosity,216.0
2025-10-11T17:45:00,occ_1,occupancy,0.0
2025-10-11T18:00:00,temp_1,temperature,23.21
2025-10-11T18:00:00,lux_1,luminosity,289.0
2025-10-11T18:00:00,occ_1,occupancy,0.0
2025-10-11T18:15:00,temp_1,temperature,23.1
2025-10-11T18:15:00,lux_1,luminosity,100.0
2025-10-11T18:15:00,occ_1,occupancy,0.0
2025-10-11T18:30:00,temp_1,temperature,23.85
2025-10-11T18:30:00,lux_1,luminosity,181.0
2025-10-11T18:30:00,occ_1,occupancy,0.0
2025-10-11T18:45:00,temp_1,temperature,24.09
2025-10-11T18:45:00,lux_1,luminosity,174.0
2025-10-11T18:45:00,occ_1,occupancy,0.0
2025-10-11T19:00:00,temp_1,temperature,18.98
2025-10-11T19:00:00,lux_1,luminosity,5.0
2025-10-11T19:00:00,occ_1,occupancy,0.0
2025-10-11T19:15:00,temp_1,temperature,19.59
2025-10-11T19:15:00,lux_1,luminosity,3.0
2025-10-11T19:15:00,occ_1,occupancy,0.0
2025-10-11T19:30:00,temp_1,temperature,19.35
2025-10-11T19:30:00,lux_1,luminosity,5.0
2025-10-11T19:30:00,occ_1,occupancy,0.0
2025-10-11T19:45:00,temp_1,temperature,20.19
2025-10-11T19:45:00,lux_1,luminosity,3.0
2025-10-11T19:45:00,occ_1,occupancy,0.0
2025-10-11T20:00:00,temp_1,temperature,20.82
2025-10-11T20:00:00,lux_1,luminosity,5.0
2025-10-11T20:00:00,occ_1,occupancy,0.0
2025-10-11T20:15:00,temp_1,temperature,19.52
2025-10-11T20:15:00,lux_1,luminosity,4.0
2025-10-11T20:15:00,occ_1,occupancy,0.0
2025-10-11T20:30:00,temp_1,temperature,19.09
2025-10-11T20:30:00,lux_1,luminosity,1.0
2025-10-11T20:30:00,occ_1,occupancy,0.0
2025-10-11T20:45:00,temp_1,temperature,20.09
2025-10-11T20:45:00,lux_1,luminosity,4.0
2025-10-11T20:45:00,occ_1,occupancy,0.0
2025-10-11T21:00:00,temp_1,temperature,20.56
2025-10-11T21:00:00,lux_1,luminosity,5.0
2025-10-11T21:00:00,occ_1,occupancy,0.0
2025-10-11T21:15:00,temp_1,temperature,20.35
2025-10-11T21:15:00,lux_1,luminosity,7.0
2025-10-11T21:15:00,occ_1,occupancy,0.0
2025-10-11T21:30:00,temp_1,temperature,19.18
2025-10-11T21:30:00,lux_1,luminosity,5.0
2025-10-11T21:30:00,occ_1,occupancy,0.0
2025-10-11T21:45:00,temp_1,temperature,20.3
2025-10-11T21:45:00,lux_1,luminosity,3.0
2025-10-11T21:45:00,occ_1,occupancy,0.0
2025-10-11T22:00:00,temp_1,temperature,20.17
2025-10-11T22:00:00,lux_1,luminosity,2.0
2025-10-11T22:00:00,occ_1,occupancy,0.0
2025-10-11T22:15:00,temp_1,temperature,20.31
2025-10-11T22:15:00,lux_1,luminosity,5.0
2025-10-11T22:15:00,occ_1,occupancy,0.0
2025-10-11T22:30:00,temp_1,temperature,19.36
2025-10-11T22:30:00,lux_1,luminosity,1.0
2025-10-11T22:30:00,occ_1,occupancy,0.0
2025-10-11T22:45:00,temp_1,temperature,19.54
2025-10-11T22:45:00,lux_1,luminosity,6.0
2025-10-11T22:45:00,occ_1,occupancy,0.0
2025-10-11T23:00:00,temp_1,temperature,20.72
2025-10-11T23:00:00,lux_1,luminosity,5.0
2025-10-11T23:00:00,occ_1,occupancy,0.0
2025-10-11T23:15:00,temp_1,temperature,21.62
2025-10-11T23:15:00,lux_1,luminosity,3.0
2025-10-11T23:15:00,occ_1,occupancy,0.0
2025-10-11T23:30:00,temp_1,temperature,20.66
2025-10-11T23:30:00,lux_1,luminosity,3.0
2025-10-11T23:30:00,occ_1,occupancy,0.0
2025-10-11T23:45:00,temp_1,temperature,20.94
2025-10-11T23:45:00,lux_1,luminosity,7.0
2025-10-11T23:45:00,occ_1,occupancy,0.0
